Verb;NZZ_ID;Token_ID;Sentence;Sentence_CoNLL;not_of_interest;non-psych;X-STM_V_Y-EXP;X-STM_V;sein_V-PII;werden_V-PII;X_lassen_refl_V;X_V_refl;refl_V-PII_zeigen;NoAux_V-PII;Acc/Dat-EXP_V;wirken/scheinen_V-PII;X-CAUS_V_Y-EXP_PP;Nom-EXP_V;EXP_V_refl_Gen-STM;sein_zu-Inf;tough;Stimulus_Type;Stimulus_PP;Control;Other_stimulus_adjunct;Comment;Misc;Misc 2
verängstigen;NZZ_1993_01_22_a214_seg2_s7;17;Erst am Morgen stellte die Parkleiterin mit Schrecken fest , dass die 33jährige Shetland-Pony-Stute Jana total verängstigt war und im Bereich der Geschlechtsteile schwere und stark blutende Verletzungen aufwies .;"1	Erst	erst	ADV	ADV	_	3	advmod	_	_
2	am	am	DET	ART	Case=Nom|Definite=Def|Gender=Masc|Number=Sing|PronType=Art	3	det	_	_
3	Morgen	Morgen	NOUN	NN	Case=Acc|Gender=Masc|Number=Sing	4	obl	_	_
4	stellte	stellen	VERB	VVFIN	Mood=Ind|Number=Sing|Person=3|Tense=Past|VerbForm=Fin	0	root	_	_
5	die	der	DET	ART	Case=Nom|Definite=Def|Gender=Fem|Number=Sing|PronType=Art	6	det	_	_
6	Parkleiterin	Parkleiterin	NOUN	NN	Case=Nom|Gender=Fem|Number=Sing	4	nsubj	_	_
7	mit	mit	ADP	APPR	_	8	case	_	_
8	Schrecken	Schrecken	NOUN	NN	Case=Dat|Gender=Masc|Number=Plur	4	obl	_	_
9	fest	fest	ADV	PTKVZ	_	4	compound:prt	_	_
10	,	,	PUNCT	$,	_	17	punct	_	_
11	dass	dass	SCONJ	KOUS	_	17	mark	_	_
12	die	der	DET	ART	Case=Nom|Definite=Def|Gender=Fem|Number=Sing|PronType=Art	14	det	_	_
13	33jährige	33jährig	ADJ	ADJA	Case=Nom|Gender=Fem|Number=Sing	14	amod	_	_
14	Shetland-Pony-Stute	Shetland-Pony-Stute	NOUN	NN	Case=Nom|Gender=Fem|Number=Sing	17	nsubj	_	_
15	Jana	Jana	PROPN	NE	Case=Nom|Gender=Fem|Number=Sing	14	appos	_	_
16	total	total	ADJ	ADJD	_	17	advmod	_	_
17	verängstigt	verängstigen	ADJ	ADJD	VerbForm=Part	4	ccomp	_	_
18	war	sein	AUX	VAFIN	Mood=Ind|Number=Sing|Person=3|Tense=Past|VerbForm=Fin	17	cop	_	_
19	und	und	CCONJ	KON	_	29	cc	_	_
20	im	em	DET	ART	Case=Acc|Definite=Def|Gender=Masc|Number=Sing|PronType=Art	21	det	_	_
21	Bereich	Bereich	NOUN	NN	Case=Acc|Gender=Masc|Number=Sing	29	obj	_	_
22	der	der	DET	ART	Case=Gen|Definite=Def|Gender=Masc|Number=Plur|PronType=Art	23	det	_	_
23	Geschlechtsteile	Geschlechtsteile	NOUN	NN	Case=Gen|Gender=Masc|Number=Plur	21	nmod	_	_
24	schwere	schwer	ADJ	ADJA	Case=Acc|Gender=Fem|Number=Plur	28	amod	_	_
25	und	und	CCONJ	KON	_	27	cc	_	_
26	stark	stark	ADJ	ADJD	_	27	advmod	_	_
27	blutende	blutend	ADJ	ADJA	Case=Acc|Gender=Fem|Number=Plur	24	conj	_	_
28	Verletzungen	Verletzung	NOUN	NN	Case=Acc|Gender=Fem|Number=Plur	29	obj	_	_
29	aufwies	aufweiseß	VERB	VVFIN	Mood=Ind|Number=Sing|Person=3|Tense=Past|VerbForm=Fin	17	conj	_	_
30	.	.	PUNCT	$.	_	4	punct	_	_
";;;;;x;;;;;;;;;;;;;;;;;;;
verängstigen;NZZ_1993_06_21_a54_seg4_s5;10;Die schrecklichen Zustände auf dem Balkan hätten verunsichert und verängstigt .;"1	Die	der	DET	ART	Case=Nom|Definite=Def|Gender=Masc|Number=Plur|PronType=Art	3	det	_	_
2	schrecklichen	schrecklich	ADJ	ADJA	Case=Nom|Gender=Masc|Number=Plur	3	amod	_	_
3	Zustände	Zustand	NOUN	NN	Case=Nom|Gender=Masc|Number=Plur	8	nsubj:pass	_	_
4	auf	auf	ADP	APPR	_	6	case	_	_
5	dem	der	DET	ART	Case=Dat|Definite=Def|Gender=Masc|Number=Sing|PronType=Art	6	det	_	_
6	Balkan	Balkan	PROPN	NN	Case=Dat|Gender=Masc|Number=Sing	3	nmod	_	_
7	hätten	haben	AUX	VAFIN	Mood=Sub|Number=Plur|Person=3|Tense=Past|VerbForm=Fin	8	aux	_	_
8	verunsichert	verunsichern	VERB	VVPP	VerbForm=Part	0	root	_	_
9	und	und	CCONJ	KON	_	10	cc	_	_
10	verängstigt	verängstigen	VERB	VVPP	VerbForm=Part	8	conj	_	_
11	.	.	PUNCT	$.	_	8	punct	_	_
";;;;x;;;;;;;;;;;;;;inanim;;;;PCN-C;;
verängstigen;NZZ_1993_09_04_a131_seg3_s109;33;Alle machen es sich zum täglichen Spass , ein paar Kleinere zu verprügeln , sich mit ungeliebten Gleichaltrigen anzulegen , die Polizei auf sich aufmerksam zu machen , mindestens einen Erwachsenen zu verängstigen , mit einem Griff nach der Handtasche alte Damen in Grossstadtstimmung zu versetzen .;"1	Alle	alle	PRON	PIS	Case=Nom|Definite=Ind|Number=Plur|PronType=Ind	2	nsubj	_	_
2	machen	machen	VERB	VVFIN	Mood=Ind|Number=Plur|Person=3|Tense=Pres|VerbForm=Fin	0	root	_	_
3	es	es	PRON	PPER	Case=Acc|Gender=Neut|Number=Sing|Person=3|PronType=Prs	2	obj	_	_
4	sich	er|es|sie	PRON	PRF	Case=Acc|Number=Sing|Person=3|PronType=Prs|Reflex=Yes	2	obj	_	_
5	zum	zum	DET	ART	Case=Acc|Definite=Ind|Gender=Masc|Number=Sing|PronType=Art	7	det	_	_
6	täglichen	täglich	ADJ	ADJA	Case=Acc|Gender=Masc|Number=Sing	7	amod	_	_
7	Spass	Spaß	NOUN	NN	Case=Acc|Gender=Masc|Number=Sing	2	obj	_	_
8	,	,	PUNCT	$,	_	13	punct	_	_
9	ein	ein	DET	ART	Case=Acc|Definite=Ind|Gender=Neut|Number=Sing|PronType=Art	11	det	_	_
10	paar	paar	PRON	PIAT	Definite=Ind|PronType=Ind	11	det	_	_
11	Kleinere	klein	NOUN	NN	Case=Acc|Number=Plur	13	obj	_	_
12	zu	zu	PART	PTKZU	_	13	mark	_	_
13	verprügeln	verprügeln	VERB	VVINF	VerbForm=Inf	7	acl	_	_
14	,	,	PUNCT	$,	_	19	punct	_	_
15	sich	er|es|sie	PRON	PRF	Case=Acc|Number=Plur|Person=3|PronType=Prs|Reflex=Yes	19	obj	_	_
16	mit	mit	ADP	APPR	_	18	case	_	_
17	ungeliebten	ungeliebt	ADJ	ADJA	Case=Dat|Number=Plur	18	amod	_	_
18	Gleichaltrigen	Gleichaltrige	NOUN	NN	Case=Dat|Number=Plur	19	obl	_	_
19	anzulegen	anlegen	VERB	VVIZU	VerbForm=Inf	13	conj	_	_
20	,	,	PUNCT	$,	_	27	punct	_	_
21	die	der	DET	ART	Case=Acc|Definite=Def|Gender=Fem|Number=Sing|PronType=Art	22	det	_	_
22	Polizei	Polizei	NOUN	NN	Case=Acc|Gender=Fem|Number=Sing	27	obj	_	_
23	auf	auf	ADP	APPR	_	24	case	_	_
24	sich	er|es|sie	PRON	PRF	Case=Acc|Number=Sing|Person=3|PronType=Prs|Reflex=Yes	27	obl	_	_
25	aufmerksam	aufmerksam	ADJ	ADJD	_	27	xcomp	_	_
26	zu	zu	PART	PTKZU	_	27	mark	_	_
27	machen	machen	VERB	VVINF	VerbForm=Inf	19	conj	_	_
28	,	,	PUNCT	$,	_	33	punct	_	_
29	mindestens	mindestens	ADV	ADV	_	33	advmod	_	_
30	einen	ein	DET	ART	Case=Acc|Definite=Ind|Gender=Masc|Number=Sing|PronType=Art	31	det	_	_
31	Erwachsenen	Erwachsene	NOUN	NN	Case=Acc|Gender=Masc|Number=Sing	33	obj	_	_
32	zu	zu	PART	PTKZU	_	33	mark	_	_
33	verängstigen	verängstigen	VERB	VVINF	VerbForm=Inf	27	conj	_	_
34	,	,	PUNCT	$,	_	46	punct	_	_
35	mit	mit	ADP	APPR	_	37	case	_	_
36	einem	ein	DET	ART	Case=Dat|Definite=Ind|Gender=Masc|Number=Sing|PronType=Art	37	det	_	_
37	Griff	Griff	NOUN	NN	Case=Dat|Gender=Masc|Number=Sing	46	obl	_	_
38	nach	nach	ADP	APPR	_	40	case	_	_
39	der	der	DET	ART	Case=Dat|Definite=Def|Gender=Fem|Number=Sing|PronType=Art	40	det	_	_
40	Handtasche	Handtasche	NOUN	NN	Case=Dat|Gender=Fem|Number=Sing	37	nmod	_	_
41	alte	alt	ADJ	ADJA	Case=Acc|Gender=Fem|Number=Plur	42	amod	_	_
42	Damen	Dame	NOUN	NN	Case=Acc|Gender=Masc|Number=Plur	46	obj	_	_
43	in	in	ADP	APPR	_	44	case	_	_
44	Grossstadtstimmung	Grossstadtstimmung	NOUN	NN	Case=Dat|Gender=Fem|Number=Sing	42	nmod	_	_
45	zu	zu	PART	PTKZU	_	46	mark	_	_
46	versetzen	versetzen	VERB	VVINF	VerbForm=Inf	33	conj	_	_
47	.	.	PUNCT	$.	_	2	punct	_	_
";;;x;;;;;;;;;;;;;;;anim;;x;;;;
verängstigen;NZZ_1993_09_24_a14_seg10_s5;11;Was an der Gestalt des Chairman die Gegner so sehr verängstigt und auch französische Diplomaten vor eigentlichen Diffamierungskampagnen nicht zurückschrecken lässt , ist der Umstand , dass im zweisprachigen Kamerun ausgerechnet einem Exponenten der anglophonen Minderheit das Kunststück gelingen konnte , den Unmut im Land politisch zu kanalisieren .;"1	Was	was	PRON	PWS	Case=Nom|Gender=Neut|Number=Sing|PronType=Int	11	nsubj	_	_
2	an	an	ADP	APPR	_	4	case	_	_
3	der	der	DET	ART	Case=Dat|Definite=Def|Gender=Fem|Number=Sing|PronType=Art	4	det	_	_
4	Gestalt	Gestalt	NOUN	NN	Case=Dat|Gender=Fem|Number=Sing	11	obl	_	_
5	des	der	DET	ART	Case=Gen|Definite=Def|Gender=Masc|Number=Sing|PronType=Art	6	det	_	_
6	Chairman	Chairman	NOUN	NN	Case=Gen|Gender=Masc|Number=Sing	4	nmod	_	_
7	die	der	DET	ART	Case=Acc|Definite=Def|Gender=Masc|Number=Plur|PronType=Art	8	det	_	_
8	Gegner	Gegner	NOUN	NN	Case=Nom|Gender=Masc|Number=Plur	11	nsubj	_	_
9	so	so	ADV	ADV	_	10	advmod	_	_
10	sehr	sehr	ADV	ADV	_	11	advmod	_	_
11	verängstigt	verängstigen	VERB	VVFIN	Mood=Ind|Number=Sing|Person=3|Tense=Pres|VerbForm=Fin	25	csubj	_	_
12	und	und	CCONJ	KON	_	21	cc	_	_
13	auch	auch	ADV	ADV	_	21	advmod	_	_
14	französische	französisch	ADJ	ADJA	Case=Nom|Gender=Masc|Number=Plur	15	amod	_	_
15	Diplomaten	Diplomat	NOUN	NN	Case=Nom|Gender=Masc|Number=Plur	21	nsubj	_	_
16	vor	vor	ADP	APPR	_	18	case	_	_
17	eigentlichen	eigentlich	ADJ	ADJA	Case=Dat|Gender=Fem|Number=Plur	18	amod	_	_
18	Diffamierungskampagnen	Diffamierungskampagnen	NOUN	NN	Case=Dat|Gender=Fem|Number=Plur	21	obl	_	_
19	nicht	nicht	PART	PTKNEG	Polarity=Neg	21	advmod	_	_
20	zurückschrecken	zurückschrecken	VERB	VVINF	VerbForm=Inf	21	xcomp	_	_
21	lässt	lassen	VERB	VVFIN	Mood=Ind|Number=Sing|Person=3|Tense=Pres|VerbForm=Fin	11	conj	_	_
22	,	,	PUNCT	$,	_	11	punct	_	_
23	ist	sein	AUX	VAFIN	Mood=Ind|Number=Sing|Person=3|Tense=Pres|VerbForm=Fin	25	cop	_	_
24	der	der	DET	ART	Case=Nom|Definite=Def|Gender=Masc|Number=Sing|PronType=Art	25	det	_	_
25	Umstand	Umstand	NOUN	NN	Case=Nom|Gender=Masc|Number=Sing	0	root	_	_
26	,	,	PUNCT	$,	_	39	punct	_	_
27	dass	dass	SCONJ	KOUS	_	39	mark	_	_
28	im	em	DET	ART	Case=Nom|Definite=Def|Gender=Masc|Number=Sing|PronType=Art	30	det	_	_
29	zweisprachigen	zweisprachig	ADJ	ADJA	Case=Nom|Gender=Masc|Number=Sing	30	amod	_	_
30	Kamerun	Kamerun	PROPN	NE	Case=Nom|Gender=Masc|Number=Sing	39	nsubj	_	_
31	ausgerechnet	ausgerechnet	ADV	ADV	_	39	advmod	_	_
32	einem	ein	DET	ART	Case=Dat|Definite=Ind|Gender=Masc|Number=Sing|PronType=Art	33	det	_	_
33	Exponenten	Exponent	NOUN	NN	Case=Dat|Gender=Masc|Number=Sing	39	iobj	_	_
34	der	der	DET	ART	Case=Gen|Definite=Def|Gender=Fem|Number=Sing|PronType=Art	36	det	_	_
35	anglophonen	anglophonen	ADJ	ADJA	Case=Gen|Gender=Fem|Number=Sing	36	amod	_	_
36	Minderheit	Minderheit	NOUN	NN	Case=Gen|Gender=Fem|Number=Sing	33	nmod	_	_
37	das	der	DET	ART	Case=Acc|Definite=Def|Gender=Neut|Number=Sing|PronType=Art	38	det	_	_
38	Kunststück	Kunststück	NOUN	NN	Case=Acc|Gender=Neut|Number=Sing	39	obj	_	_
39	gelingen	gelingen	VERB	VVINF	VerbForm=Inf	25	ccomp	_	_
40	konnte	können	AUX	VMFIN	Mood=Ind|Number=Sing|Person=3|Tense=Past|VerbForm=Fin	39	aux	_	_
41	,	,	PUNCT	$,	_	48	punct	_	_
42	den	der	DET	ART	Case=Acc|Definite=Def|Gender=Masc|Number=Sing|PronType=Art	43	det	_	_
43	Unmut	Unmut	NOUN	NN	Case=Acc|Gender=Masc|Number=Sing	48	obj	_	_
44	im	em	DET	ART	Case=Acc|Gender=Neut|Number=Sing|Poss=Yes|PronType=Prs	45	det:poss	_	_
45	Land	Land	NOUN	NN	Case=Acc|Gender=Neut|Number=Sing	48	obj	_	_
46	politisch	politisch	ADJ	ADJD	_	48	advmod	_	_
47	zu	zu	PART	PTKZU	_	48	mark	_	_
48	kanalisieren	kanalisieren	VERB	VVINF	VerbForm=Inf	39	xcomp	_	_
49	.	.	PUNCT	$.	_	25	punct	_	_
";;;x;;;;;;;;;;;;;;;inanim;an;;;PA+A;;
verängstigen;NZZ_1993_10_12_a44_seg2_s14;3;Wer einmal verängstigt , von Schmerzen geplagt , von Arzt zu Arzt gereicht wurde , spürt etwas von der Anonymität der Medizin und der Überforderung ihrer Handlanger .;"1	Wer	wer	PRON	PWS	Case=Nom|Number=Sing|PronType=Int	3	nsubj	_	_
2	einmal	einmal	ADV	ADV	_	3	advmod	_	_
3	verängstigt	verängstigen	VERB	VVFIN	Mood=Ind|Number=Sing|Person=3|Tense=Pres|VerbForm=Fin	16	csubj	_	_
4	,	,	PUNCT	$,	_	7	punct	_	_
5	von	von	ADP	APPR	_	6	case	_	_
6	Schmerzen	Schmerz	NOUN	NN	Case=Dat|Gender=Masc|Number=Plur	7	obl	_	_
7	geplagt	plagen	VERB	VVPP	VerbForm=Part	3	acl	_	_
8	,	,	PUNCT	$,	_	13	punct	_	_
9	von	von	ADP	APPR	_	10	case	_	_
10	Arzt	Arzt	NOUN	NN	Case=Dat|Gender=Masc|Number=Sing	13	obl	_	_
11	zu	zu	ADP	APPR	_	12	case	_	_
12	Arzt	Arzt	NOUN	NN	Case=Dat|Gender=Masc|Number=Sing	13	obl	_	_
13	gereicht	reichen	VERB	VVPP	VerbForm=Part	7	conj	_	_
14	wurde	werden	AUX	VAFIN	Mood=Ind|Number=Sing|Person=3|Tense=Past|VerbForm=Fin|Voice=Pass	13	aux:pass	_	_
15	,	,	PUNCT	$,	_	3	punct	_	_
16	spürt	spüren	VERB	VVFIN	Mood=Ind|Number=Sing|Person=3|Tense=Pres|VerbForm=Fin	0	root	_	_
17	etwas	etwas	PRON	PIS	Definite=Ind|PronType=Ind	16	nsubj	_	_
18	von	von	ADP	APPR	_	20	case	_	_
19	der	der	DET	ART	Case=Dat|Definite=Def|Gender=Fem|Number=Sing|PronType=Art	20	det	_	_
20	Anonymität	Anonymität	NOUN	NN	Case=Dat|Gender=Fem|Number=Sing	17	nmod	_	_
21	der	der	DET	ART	Case=Gen|Definite=Def|Gender=Fem|Number=Sing|PronType=Art	22	det	_	_
22	Medizin	Medizin	NOUN	NN	Case=Gen|Gender=Fem|Number=Sing	20	nmod	_	_
23	und	und	CCONJ	KON	_	25	cc	_	_
24	der	der	DET	ART	Case=Dat|Definite=Def|Gender=Fem|Number=Sing|PronType=Art	25	det	_	_
25	Überforderung	Überforderung	NOUN	NN	Case=Gen|Gender=Fem|Number=Sing	20	conj	_	_
26	ihrer	ihr	DET	PPOSAT	Case=Gen|Gender=Masc|Number=Plur|Person=3|Poss=Yes|PronType=Prs	27	det:poss	_	_
27	Handlanger	Handlange	NOUN	NN	Case=Gen|Gender=Masc|Number=Plur	25	nmod	_	_
28	.	.	PUNCT	$.	_	16	punct	_	_
";;;;;;;;;;x;;;;;;;;;;;;;;
verängstigen;NZZ_1993_12_23_a106_seg1_s9;10;- Kinder im Spital : Sie sind allein , verängstigt und fürchten sich vor den fremden Ärzten und Schwestern .;"1	-	-	PUNCT	$(	_	2	punct	_	_
2	Kinder	Kind	NOUN	NN	Case=Nom|Gender=Neut|Number=Plur	4	compound	_	_
3	im	em	PUNCT	$(	_	4	punct	_	_
4	Spital	Spital	NOUN	NN	Case=Nom|Gender=Neut|Number=Sing	8	nsubj	_	_
5	:	:	PUNCT	$.	_	8	punct	_	_
6	Sie	Sie|sie	PRON	PPER	Case=Nom|Number=Plur|Person=3|PronType=Prs	8	nsubj	_	_
7	sind	sein	AUX	VAFIN	Mood=Ind|Number=Plur|Person=3|Tense=Pres|VerbForm=Fin	8	cop	_	_
8	allein	allein	ADJ	ADV	_	0	root	_	_
9	,	,	PUNCT	$,	_	10	punct	_	_
10	verängstigt	verängstigen	ADJ	ADJD	_	8	conj	_	_
11	und	und	CCONJ	KON	_	12	cc	_	_
12	fürchten	fürchen	VERB	VVFIN	Mood=Ind|Number=Plur|Person=3|Tense=Pres|VerbForm=Fin	8	conj	_	_
13	sich	er|es|sie	PRON	PRF	Case=Acc|Number=Plur|Person=3|PronType=Prs|Reflex=Yes	12	obj	_	_
14	vor	vor	ADP	APPR	_	17	case	_	_
15	den	der	DET	ART	Case=Dat|Definite=Def|Gender=Masc|Number=Plur|PronType=Art	17	det	_	_
16	fremden	fremd	ADJ	ADJA	Case=Dat|Gender=Masc|Number=Plur	17	amod	_	_
17	Ärzten	Arzt	NOUN	NN	Case=Dat|Gender=Masc|Number=Plur	12	obl	_	_
18	und	und	CCONJ	KON	_	19	cc	_	_
19	Schwestern	Schwester	NOUN	NN	Case=Dat|Gender=Fem|Number=Plur	17	conj	_	_
20	.	.	PUNCT	$.	_	8	punct	_	_
";;;;;x;;;;;;;;;;;;;;;;;;;
verängstigen;NZZ_1994_04_22_a8_seg3_s10;11;Die Krankenpfleger , zum Teil selbst verletzt oder zu Tode verängstigt , könnten nicht länger helfen .;"1	Die	der	DET	ART	Case=Nom|Definite=Def|Gender=Masc|Number=Plur|PronType=Art	2	det	_	_
2	Krankenpfleger	Krankenpfleger	NOUN	NN	Case=Nom|Gender=Masc|Number=Plur	16	nsubj	_	_
3	,	,	PUNCT	$,	_	7	punct	_	_
4	zum	zum	DET	ART	Case=Nom|Gender=Masc|Number=Sing|PronType=Art	5	det	_	_
5	Teil	Teil	NOUN	NN	Case=Nom|Gender=Masc|Number=Sing	2	appos	_	_
6	selbst	selbst	ADV	ADV	_	5	advmod	_	_
7	verletzt	verletzen	VERB	VVPP	VerbForm=Part	2	acl	_	_
8	oder	oder	CCONJ	KON	_	11	cc	_	_
9	zu	zu	ADP	APPR	_	10	case	_	_
10	Tode	Tod	NOUN	NN	Case=Dat|Gender=Masc|Number=Sing	11	obl	_	_
11	verängstigt	verängstigen	VERB	VVPP	VerbForm=Part	7	conj	_	_
12	,	,	PUNCT	$,	_	7	punct	_	_
13	könnten	können	AUX	VMFIN	Mood=Sub|Number=Plur|Person=3|Tense=Past|VerbForm=Fin	16	aux	_	_
14	nicht	nicht	PART	PTKNEG	Polarity=Neg	16	advmod	_	_
15	länger	lang	ADJ	ADJD	_	16	advmod	_	_
16	helfen	helfen	VERB	VVINF	VerbForm=Inf	0	root	_	_
17	.	.	PUNCT	$.	_	16	punct	_	_
";;;;;;;;;;x;;;;;;;;;;;;result_PP;;zu Tode (zu Tode special because it is often only an intensifier)
verängstigen;NZZ_1994_05_14_a215_seg3_s15;8;Alte Menschen erwiesen sich als am meisten verängstigt , obwohl junge Menschen ungleich häufiger Opfer gewalttätiger Verbrechen werden .;"1	Alte	alt	ADJ	ADJA	Case=Nom|Gender=Masc|Number=Plur	2	amod	_	_
2	Menschen	Mensch	NOUN	NN	Case=Nom|Gender=Masc|Number=Plur	3	nsubj	_	_
3	erwiesen	erweisen	VERB	VVFIN	Mood=Ind|Number=Plur|Person=3|Tense=Pres|VerbForm=Fin	0	root	_	_
4	sich	er|es|sie	PRON	PRF	Case=Acc|Number=Plur|Person=3|PronType=Prs|Reflex=Yes	5	nsubj	_	_
5	als	als	ADP	KOKOM	_	7	case	_	_
6	am	am	DET	ART	Case=Nom|Number=Plur|PronType=Art	7	det	_	_
7	meisten	meist	PRON	PIS	Case=Nom|Definite=Ind|Number=Plur|PronType=Ind	3	obl	_	_
8	verängstigt	verängstigen	ADJ	VVPP	VerbForm=Part	3	xcomp	_	_
9	,	,	PUNCT	$,	_	18	punct	_	_
10	obwohl	obwohl	SCONJ	KOUS	_	18	mark	_	_
11	junge	jung	ADJ	ADJA	Case=Nom|Gender=Masc|Number=Plur	12	amod	_	_
12	Menschen	Mensch	NOUN	NN	Case=Nom|Gender=Masc|Number=Plur	18	nsubj	_	_
13	ungleich	ungleich	ADJ	ADJD	_	14	advmod	_	_
14	häufiger	häufig	ADJ	ADJA	_	15	amod	_	_
15	Opfer	Opfer	NOUN	NN	Case=Nom|Gender=Neut|Number=Plur	18	xcomp	_	_
16	gewalttätiger	gewalttätig	ADJ	ADJA	Case=Gen|Gender=Neut|Number=Plur	17	amod	_	_
17	Verbrechen	Verbrechen	NOUN	NN	Case=Gen|Gender=Neut|Number=Plur	15	nmod	_	_
18	werden	werden	VERB	VAFIN	VerbForm=Fin	3	advcl	_	_
19	.	.	PUNCT	$.	_	3	punct	_	_
";x;;;;;;;;;;;;;;;;;;;;;;adjective;
verängstigen;NZZ_1995_01_21_a184_seg7_s24;5;Die Elfenbeinturmbewohner abgedrängt und verängstigt hinter verschlossenen Türen , ihr mathematisches Ich erlauschend .;"1	Die	der	DET	ART	Case=Nom|Definite=Def|Gender=Masc|Number=Plur|PronType=Art	2	det	_	_
2	Elfenbeinturmbewohner	Elfenbeinturmbewohner	NOUN	NN	Case=Nom|Gender=Masc|Number=Plur	3	nsubj	_	_
3	abgedrängt	abdrängen	VERB	VVFIN	VerbForm=Part	0	root	_	_
4	und	und	CCONJ	KON	_	5	cc	_	_
5	verängstigt	verängstigen	VERB	VVFIN	Mood=Ind|Number=Sing|Person=3|Tense=Pres|VerbForm=Fin	3	conj	_	_
6	hinter	hinter	ADP	APPR	_	8	case	_	_
7	verschlossenen	verschlossen	ADJ	ADJA	Case=Dat|Gender=Fem|Number=Plur	8	amod	_	_
8	Türen	Tür	NOUN	NN	Case=Dat|Gender=Fem|Number=Plur	5	obl	_	_
9	,	,	PUNCT	$,	_	13	punct	_	_
10	ihr	ihr	DET	PPOSAT	Case=Acc|Gender=Neut|Number=Sing|Poss=Yes	12	det:poss	_	_
11	mathematisches	mathematisch	ADJ	ADJA	Case=Acc|Gender=Neut|Number=Sing	12	amod	_	_
12	Ich	ich	PRON	PPER	Case=Nom|Gender=Neut|Number=Sing|PronType=Prs	13	nsubj	_	_
13	erlauschend	erlauschend	ADJ	ADJD	_	5	advmod	_	_
14	.	.	PUNCT	$.	_	3	punct	_	_
";;;;;;;;;;x;;;;;;;;;;;;;;
verängstigen;NZZ_1995_01_25_a188_seg4_s2;24;So überrascht es nicht , dass da und dort eine Gegebenheit der Natur zum Verhängnis wird , die bereits Jahrzehnte zuvor die Menschen verängstigt hatte .;"1	So	so	ADV	ADV	_	2	advmod	_	_
2	überrascht	überraschen	VERB	VVFIN	Mood=Ind|Number=Sing|Person=3|Tense=Pres|VerbForm=Fin	0	root	_	_
3	es	es	PRON	PPER	Case=Nom|Gender=Neut|Number=Sing|Person=3|PronType=Prs	2	expl	_	_
4	nicht	nicht	PART	PTKNEG	Polarity=Neg	2	advmod	_	_
5	,	,	PUNCT	$,	_	14	punct	_	_
6	dass	dass	SCONJ	KOUS	_	14	mark	_	_
7	da	da	ADV	ADV	_	16	advmod	_	_
8	und	und	CCONJ	KON	_	9	cc	_	_
9	dort	dort	ADV	ADV	_	7	conj	_	_
10	eine	ein	DET	ART	Case=Nom|Definite=Ind|Gender=Fem|Number=Sing|PronType=Art	11	det	_	_
11	Gegebenheit	Gegebenheit	NOUN	NN	Case=Nom|Gender=Fem|Number=Sing	16	nsubj	_	_
12	der	der	DET	ART	Case=Gen|Definite=Def|Gender=Fem|Number=Sing|PronType=Art	13	det	_	_
13	Natur	Natur	NOUN	NN	Case=Gen|Gender=Fem|Number=Sing	11	nmod	_	_
14	zum	zum	ADP	APPR	_	15	case	_	_
15	Verhängnis	Verhängnis	NOUN	NN	Case=Acc|Gender=Neut|Number=Sing	2	obl	_	_
16	wird	werden	AUX	VAFIN	Mood=Ind|Number=Sing|Person=3|Tense=Pres|VerbForm=Fin|Voice=Pass	14	cop	_	_
17	,	,	PUNCT	$,	_	24	punct	_	_
18	die	der	PRON	PRELS	Case=Nom|Number=Sing|PronType=Rel	24	nsubj	_	_
19	bereits	bereits	ADV	ADV	_	20	advmod	_	_
20	Jahrzehnte	Jahrzehnt	NOUN	NN	Case=Acc|Gender=Neut|Number=Plur	24	obj	_	_
21	zuvor	zuvor	ADV	ADV	_	24	advmod	_	_
22	die	der	DET	ART	Case=Acc|Definite=Def|Gender=Masc|Number=Plur|PronType=Art	23	det	_	_
23	Menschen	Mensch	NOUN	NN	Case=Acc|Gender=Masc|Number=Plur	24	obj	_	_
24	verängstigt	verängstigen	VERB	VVPP	VerbForm=Part	15	acl	_	_
25	hatte	haben	AUX	VAFIN	Mood=Ind|Number=Sing|Person=3|Tense=Past|VerbForm=Fin	24	aux	_	_
26	.	.	PUNCT	$.	_	2	punct	_	_
";;;x;;;;;;;;;;;;;;;inanim;;;;;;
verängstigen;NZZ_1995_06_06_a158_seg13_s23;23;Es ist bei der gegenwärtigen wissenschaftlichen Erkenntnislage aber verwerflich und unwahrhaftig , die Bevölkerung mit dem Gespenst des Lungenkrebses durch Dieselruss zu verängstigen und Massnahmen mit der Abwendung einer in Wahrheit hypothetischen Gesundheitsgefahr zu begründen .;"1	Es	es	PRON	PPER	Case=Nom|Gender=Neut|Number=Sing|Person=3|PronType=Prs	9	nsubj	_	_
2	ist	sein	AUX	VAFIN	Mood=Ind|Number=Sing|Person=3|Tense=Pres|VerbForm=Fin	9	cop	_	_
3	bei	bei	ADP	APPR	_	7	case	_	_
4	der	der	DET	ART	Case=Dat|Definite=Def|Gender=Fem|Number=Sing|PronType=Art	7	det	_	_
5	gegenwärtigen	gegenwärtig	ADJ	ADJA	Case=Dat|Gender=Fem|Number=Sing	7	amod	_	_
6	wissenschaftlichen	wissenschaftlich	ADJ	ADJA	Case=Dat|Gender=Fem|Number=Sing	7	amod	_	_
7	Erkenntnislage	Erkenntnislage	NOUN	NN	Case=Dat|Gender=Fem|Number=Sing	9	nmod	_	_
8	aber	aber	ADV	ADV	_	9	advmod	_	_
9	verwerflich	verwerflich	ADJ	ADJD	_	0	root	_	_
10	und	und	CCONJ	KON	_	11	cc	_	_
11	unwahrhaftig	unwahrhaftig	ADJ	ADJD	_	9	conj	_	_
12	,	,	PUNCT	$,	_	23	punct	_	_
13	die	der	DET	ART	Case=Nom|Definite=Def|Gender=Fem|Number=Sing|PronType=Art	14	det	_	_
14	Bevölkerung	Bevölkerung	NOUN	NN	Case=Nom|Gender=Fem|Number=Sing	23	obj	_	_
15	mit	mit	ADP	APPR	_	17	case	_	_
16	dem	der	DET	ART	Case=Dat|Definite=Def|Gender=Neut|Number=Sing|PronType=Art	17	det	_	_
17	Gespenst	Gespenst	NOUN	NN	Case=Dat|Gender=Neut|Number=Sing	23	obl	_	_
18	des	der	DET	ART	Case=Gen|Definite=Def|Gender=Masc|Number=Sing|PronType=Art	19	det	_	_
19	Lungenkrebses	Lungenkrebses	NOUN	NN	Case=Gen|Gender=Masc|Number=Sing	17	nmod	_	_
20	durch	durch	ADP	APPR	_	21	case	_	_
21	Dieselruss	Dieselruss	PROPN	NE	Case=Acc|Gender=Neut|Number=Sing	23	obl	_	_
22	zu	zu	PART	PTKZU	_	23	mark	_	_
23	verängstigen	verängstigen	VERB	VVINF	VerbForm=Inf	9	xcomp	_	_
24	und	und	CCONJ	KON	_	35	cc	_	_
25	Massnahmen	Massnahme	NOUN	NN	Case=Dat|Gender=Fem|Number=Plur	35	obj	_	_
26	mit	mit	ADP	APPR	_	28	case	_	_
27	der	der	DET	ART	Case=Dat|Definite=Def|Gender=Fem|Number=Sing|PronType=Art	28	det	_	_
28	Abwendung	Abwendung	NOUN	NN	Case=Dat|Gender=Fem|Number=Sing	25	nmod	_	_
29	einer	ein	DET	ART	Case=Gen|Definite=Ind|Gender=Fem|Number=Sing|PronType=Art	33	det	_	_
30	in	in	ADP	APPR	_	31	case	_	_
31	Wahrheit	Wahrheit	NOUN	NN	Case=Dat|Gender=Fem|Number=Sing	32	nmod	_	_
32	hypothetischen	hypothetisch	ADJ	ADJA	Case=Gen|Gender=Fem|Number=Sing	33	amod	_	_
33	Gesundheitsgefahr	Gesundheitsgefahr	NOUN	NN	Case=Gen|Gender=Fem|Number=Sing	28	nmod	_	_
34	zu	zu	PART	PTKZU	_	35	mark	_	_
35	begründen	begründen	VERB	VVINF	VerbForm=Inf	23	conj	_	_
36	.	.	PUNCT	$.	_	9	punct	_	_
";;;x;;;;;;;;;;;;;;;anim;;x;;;instrumental, NZZ;anim because of control, Bevölkerung
verängstigen;NZZ_1995_08_16_a19_seg10_s5;2;Die verängstigen , mehrheitlich sehr jungen Soldaten feuerten in der Nacht auf alles , was sich bewege .;"1	Die	der	DET	ART	Case=Nom|Definite=Def|Gender=Masc|Number=Plur|PronType=Art	7	det	_	_
2	verängstigen	verängstig	ADJ	ADJA	Case=Nom|Gender=Masc|Number=Plur	7	amod	_	_
3	,	,	PUNCT	$,	_	6	punct	_	_
4	mehrheitlich	mehrheitlich	ADJ	ADJD	_	6	advmod	_	_
5	sehr	sehr	ADV	ADV	_	6	advmod	_	_
6	jungen	jung	ADJ	ADJA	Case=Nom|Gender=Masc|Number=Plur	2	conj	_	_
7	Soldaten	Soldat	NOUN	NN	Case=Nom|Gender=Masc|Number=Plur	8	nsubj	_	_
8	feuerten	feuern	VERB	VVFIN	Mood=Ind|Number=Plur|Person=3|Tense=Past|VerbForm=Fin	0	root	_	_
9	in	in	ADP	APPR	_	11	case	_	_
10	der	der	DET	ART	Case=Dat|Definite=Def|Gender=Fem|Number=Sing|PronType=Art	11	det	_	_
11	Nacht	Nacht	NOUN	NN	Case=Dat|Gender=Fem|Number=Sing	8	obl	_	_
12	auf	auf	ADP	APPR	_	13	case	_	_
13	alles	alle	PRON	PIS	Case=Acc|Definite=Ind|Gender=Neut|Number=Sing|PronType=Ind	8	obl	_	_
14	,	,	PUNCT	$,	_	17	punct	_	_
15	was	was	PRON	PRELS	Case=Nom|Gender=Neut|Number=Sing|PronType=Rel	17	nsubj	_	_
16	sich	er|es|sie	PRON	PRF	Case=Acc|Number=Sing|Person=3|PronType=Prs|Reflex=Yes	17	obj	_	_
17	bewege	bewegen	VERB	VVFIN	Mood=Sub|Number=Sing|Person=3|Tense=Pres|VerbForm=Fin	13	acl	_	_
18	.	.	PUNCT	$.	_	8	punct	_	_
";x;;;;;;;;;;;;;;;;;;;;;ungrammatical, ambiguous;;adjective
verängstigen;NZZ_1995_10_07_a177_seg8_s14;15;Und es gibt fürderhin keine Stunde mehr , wo dieser Name nicht seinen Schlaf verängstigt und sein Wachsein .;"1	Und	und	CCONJ	KON	_	3	cc	_	_
2	es	es	PRON	PPER	Case=Nom|Gender=Neut|Number=Sing|Person=3|PronType=Prs	3	nsubj	_	_
3	gibt	geben	VERB	VVFIN	Mood=Ind|Number=Sing|Person=3|Tense=Pres|VerbForm=Fin	0	root	_	_
4	fürderhin	fürderhin	ADV	ADV	_	3	advmod	_	_
5	keine	kein	PRON	PIAT	Case=Acc|Definite=Ind|Gender=Fem|Number=Sing|Polarity=Neg|PronType=Neg	6	nmod	_	_
6	Stunde	Stunde	NOUN	NN	Case=Acc|Gender=Fem|Number=Sing	3	nsubj	_	_
7	mehr	mehr	ADV	ADV	_	3	advmod	_	_
8	,	,	PUNCT	$,	_	15	punct	_	_
9	wo	wo	ADV	PWAV	PronType=Int	15	advmod	_	_
10	dieser	dies	PRON	PDAT	Case=Nom|Gender=Masc|Number=Sing|PronType=Dem	11	det	_	_
11	Name	Name	NOUN	NN	Case=Nom|Gender=Masc|Number=Sing	15	nsubj	_	_
12	nicht	nicht	PART	PTKNEG	Polarity=Neg	15	advmod	_	_
13	seinen	sein	DET	PPOSAT	Case=Acc|Gender=Masc|Gender[psor]=Masc,Neut|Number=Sing|Number[psor]=Sing|Person=3|Poss=Yes|PronType=Prs	14	det:poss	_	_
14	Schlaf	Schlaf	NOUN	NN	Case=Acc|Gender=Masc|Number=Sing	15	obj	_	_
15	verängstigt	verängstigen	VERB	VVPP	VerbForm=Part	6	acl	_	_
16	und	und	CCONJ	KON	_	18	cc	_	_
17	sein	sein	DET	PPOSAT	Case=Nom|Gender=Masc|Gender[psor]=Masc,Neut|Number=Sing|Number[psor]=Sing|Person=3|Poss=Yes|PronType=Prs	18	det:poss	_	_
18	Wachsein	Wachsein	NOUN	NN	Case=Nom|Gender=Masc|Number=Sing	15	conj	_	_
19	.	.	PUNCT	$.	_	3	punct	_	_
";;;x;;;;;;;;;;;;;;;inanim;;;;EXP-related_object;;
verängstigen;NZZ_1995_11_17_a108_seg3_s2;20;Sie fühle sich zum Feindbild gestempelt und persönlich bedroht : Die österreichische Schriftstellerin Elfriede Jelinek ist sichtlich getroffen und verängstigt .;"1	Sie	Sie|sie	PRON	PPER	Case=Nom|Gender=Fem|Number=Sing|Person=3|PronType=Prs	2	nsubj	_	_
2	fühle	fühlen	VERB	VVFIN	Mood=Sub|Number=Sing|Person=3|Tense=Pres|VerbForm=Fin	0	root	_	_
3	sich	er|es|sie	PRON	PRF	Case=Acc|Number=Sing|Person=3|PronType=Prs|Reflex=Yes	2	obj	_	_
4	zum	zum	DET	ART	Case=Acc|Definite=Def|Gender=Neut|Number=Sing|PronType=Art	5	det	_	_
5	Feindbild	Feindbild	NOUN	NN	Case=Acc|Gender=Neut|Number=Sing	2	obj	_	_
6	gestempelt	stempeln	VERB	VVPP	VerbForm=Part	2	xcomp	_	_
7	und	und	CCONJ	KON	_	9	cc	_	_
8	persönlich	persönlich	ADJ	ADJD	_	9	advmod	_	_
9	bedroht	bedrohen	ADJ	VVPP	VerbForm=Part	6	conj	_	_
10	:	:	PUNCT	$.	_	18	punct	_	_
11	Die	der	DET	ART	Case=Nom|Definite=Def|Gender=Fem|Number=Sing|PronType=Art	13	det	_	_
12	österreichische	österreichisch	ADJ	ADJA	Case=Nom|Gender=Fem|Number=Sing	13	amod	_	_
13	Schriftstellerin	Schriftstellerin	NOUN	NN	Case=Nom|Gender=Fem|Number=Sing	18	nsubj:pass	_	_
14	Elfriede	Elfriede	PROPN	NE	Case=Nom|Gender=Fem|Number=Sing	13	appos	_	_
15	Jelinek	Jelinek	PROPN	NE	Case=Nom|Gender=Fem|Number=Sing	14	flat	_	_
16	ist	sein	AUX	VAFIN	Mood=Ind|Number=Sing|Person=3|Tense=Pres|VerbForm=Fin	18	aux:pass	_	_
17	sichtlich	sichtlich	ADV	ADJD	_	18	advmod	_	_
18	getroffen	treffen|triefen	VERB	VVPP	VerbForm=Part	2	parataxis	_	_
19	und	und	CCONJ	KON	_	20	cc	_	_
20	verängstigt	verängstigen	ADJ	ADJD	VerbForm=Part	18	conj	_	_
21	.	.	PUNCT	$.	_	2	punct	_	_
";;;;;x;;;;;;;;;;;;;;;;;;;
verängstigen;NZZ_1996_03_08_a23_seg6_s7;13;Diese führten an , die Ankündigung der Schiessübungen habe Teile der Inselbevölkerung verängstigt .;"1	Diese	dies	PRON	PDS	Case=Nom|Number=Plur|PronType=Dem	2	nsubj	_	_
2	führten	führen	VERB	VVFIN	Mood=Ind|Number=Plur|Person=3|Tense=Past|VerbForm=Fin	0	root	_	_
3	an	an	ADP	PTKVZ	_	2	compound:prt	_	_
4	,	,	PUNCT	$,	_	13	punct	_	_
5	die	der	DET	ART	Case=Nom|Definite=Def|Gender=Fem|Number=Sing|PronType=Art	6	det	_	_
6	Ankündigung	Ankündigung	NOUN	NN	Case=Nom|Gender=Fem|Number=Sing	13	nsubj	_	_
7	der	der	DET	ART	Case=Gen|Definite=Def|Gender=Fem|Number=Plur|PronType=Art	8	det	_	_
8	Schiessübungen	Schiessübung	NOUN	NN	Case=Gen|Gender=Fem|Number=Plur	6	nmod	_	_
9	habe	haben	AUX	VAFIN	Mood=Sub|Number=Sing|Person=3|Tense=Pres|VerbForm=Fin	13	aux	_	_
10	Teile	Teil	NOUN	NN	Case=Acc|Gender=Masc|Number=Plur	13	obj	_	_
11	der	der	DET	ART	Case=Gen|Definite=Def|Gender=Fem|Number=Sing|PronType=Art	12	det	_	_
12	Inselbevölkerung	Inselbevölkerung	NOUN	NN	Case=Gen|Gender=Fem|Number=Sing	10	nmod	_	_
13	verängstigt	verängstigen	VERB	VVPP	VerbForm=Part	2	ccomp	_	_
14	.	.	PUNCT	$.	_	2	punct	_	_
";;;x;;;;;;;;;;;;;;;inanim;;;;;NZZ;Teile, Bevölkerung
verängstigen;NZZ_1996_04_20_a157_seg3_s7;6;Die Bevölkerung werde dadurch unnötig verängstigt , und die Täter würden durch die Publizität in ihrem Tun bestätigt .;"1	Die	der	DET	ART	Case=Nom|Definite=Def|Gender=Fem|Number=Sing|PronType=Art	2	det	_	_
2	Bevölkerung	Bevölkerung	NOUN	NN	Case=Nom|Gender=Fem|Number=Sing	6	nsubj	_	_
3	werde	werden	AUX	VAFIN	Mood=Sub|Number=Sing|Person=3|Tense=Pres|VerbForm=Fin	6	cop	_	_
4	dadurch	dadurch	ADV	PAV	_	6	advmod	_	_
5	unnötig	unnötig	ADJ	ADJD	_	6	advmod	_	_
6	verängstigt	verängstigen	ADJ	ADJD	VerbForm=Part	0	root	_	_
7	,	,	PUNCT	$,	_	18	punct	_	_
8	und	und	CCONJ	KON	_	18	cc	_	_
9	die	der	DET	ART	Case=Nom|Definite=Def|Gender=Masc|Number=Plur|PronType=Art	10	det	_	_
10	Täter	Täter	NOUN	NN	Case=Nom|Gender=Masc|Number=Plur	18	nsubj	_	_
11	würden	werden	AUX	VAFIN	Mood=Sub|Number=Plur|Person=3|Tense=Past|VerbForm=Fin	18	aux	_	_
12	durch	durch	ADP	APPR	_	14	case	_	_
13	die	der	DET	ART	Case=Acc|Definite=Def|Gender=Fem|Number=Sing|PronType=Art	14	det	_	_
14	Publizität	Publizität	NOUN	NN	Case=Acc|Gender=Fem|Number=Sing	18	obl	_	_
15	in	in	ADP	APPR	_	17	case	_	_
16	ihrem	ihr	DET	PPOSAT	Case=Dat|Gender=Neut|Number=Sing|Person=3|Poss=Yes|PronType=Prs	17	det:poss	_	_
17	Tun	Tun	NOUN	NN	Case=Dat|Gender=Neut|Number=Sing	14	nmod	_	_
18	bestätigt	bestätigen	VERB	VVPP	VerbForm=Part	6	conj	_	_
19	.	.	PUNCT	$.	_	6	punct	_	_
";;;;;;x;;;;;;;;;;;;;durch;;;pronominal_adverb;;Bevölkerung
verängstigen;NZZ_1996_06_10_a113_seg3_s12;54;Dass einem Teil der Bevölkerung Spaniens der Tierverstand gänzlich abhanden gekommen ist , belegte das Dokument von einem auf erniedrigende und entwürdigende Weise zu Tode gequälten Stier , der zur - christlichen - Volksbelustigung volle zwei Stunden lang chancenlos einer ausser Rand und Band geratenen Menschenmasse ausgesetzt war , bis er , völlig verängstigt , unter furchtbaren Schmerzen - symbolhaft - vor den Toren einer Kathedrale zusammenbrach .;"1	Dass	daß	SCONJ	KOUS	_	11	mark	_	_
2	einem	ein	DET	ART	Case=Dat|Definite=Ind|Gender=Masc|Number=Sing|PronType=Art	3	det	_	_
3	Teil	Teil	NOUN	NN	Case=Dat|Gender=Masc|Number=Sing	11	iobj	_	_
4	der	der	DET	ART	Case=Gen|Definite=Def|Gender=Fem|Number=Sing|PronType=Art	5	det	_	_
5	Bevölkerung	Bevölkerung	NOUN	NN	Case=Gen|Gender=Fem|Number=Sing	3	nmod	_	_
6	Spaniens	Spanien	PROPN	NE	Case=Gen|Gender=Neut|Number=Sing	5	nmod	_	_
7	der	der	DET	ART	Case=Nom|Definite=Def|Gender=Masc|Number=Sing|PronType=Art	8	det	_	_
8	Tierverstand	Tierverstand	NOUN	NN	Case=Nom|Gender=Masc|Number=Sing	11	nsubj	_	_
9	gänzlich	gänzlich	ADJ	ADJD	_	11	advmod	_	_
10	abhanden	abhanden	ADJ	ADJD	_	11	xcomp	_	_
11	gekommen	kommen	VERB	VVPP	VerbForm=Part	14	advcl	_	_
12	ist	sein	AUX	VAFIN	Mood=Ind|Number=Sing|Person=3|Tense=Pres|VerbForm=Fin	11	aux	_	_
13	,	,	PUNCT	$,	_	11	punct	_	_
14	belegte	belegen	VERB	VVFIN	Mood=Ind|Number=Sing|Person=3|Tense=Past|VerbForm=Fin	0	root	_	_
15	das	der	DET	ART	Case=Nom|Definite=Def|Gender=Neut|Number=Sing|PronType=Art	16	det	_	_
16	Dokument	Dokument	NOUN	NN	Case=Nom|Gender=Neut|Number=Sing	14	nsubj	_	_
17	von	von	ADP	APPR	_	27	case	_	_
18	einem	ein	DET	ART	Case=Dat|Definite=Ind|Gender=Masc|Number=Sing|PronType=Art	27	det	_	_
19	auf	auf	ADP	APPR	_	23	case	_	_
20	erniedrigende	erniedrigend	ADJ	ADJA	Case=Acc|Gender=Fem|Number=Sing	23	amod	_	_
21	und	und	CCONJ	KON	_	22	cc	_	_
22	entwürdigende	entwürdigend	ADJ	ADJA	Case=Acc|Gender=Fem|Number=Sing	20	conj	_	_
23	Weise	Weise	NOUN	NN	Case=Acc|Gender=Fem|Number=Sing	26	nmod	_	_
24	zu	zu	ADP	APPR	_	25	case	_	_
25	Tode	Tod	NOUN	NN	Case=Dat|Gender=Masc|Number=Sing	26	nmod	_	_
26	gequälten	gequält	ADJ	ADJA	Case=Dat|Gender=Masc|Number=Sing	27	amod	_	_
27	Stier	Stier	NOUN	NN	Case=Dat|Gender=Masc|Number=Sing	14	obl	_	_
28	,	,	PUNCT	$,	_	47	punct	_	_
29	der	der	DET	ART	Case=Dat|Definite=Def|Gender=Fem|Number=Sing|PronType=Art	34	det	_	_
30	zur	zur	NOUN	NN	Case=Dat|Gender=Fem|Number=Sing	34	compound	_	_
31	-	-	PUNCT	$(	_	32	punct	_	_
32	christlichen	christlich	ADJ	NN	Case=Dat|Gender=Fem|Number=Sing	34	amod	_	_
33	-	-	PUNCT	$(	_	32	punct	_	_
34	Volksbelustigung	Volksbelustigung	NOUN	NN	Case=Dat|Gender=Fem|Number=Sing	47	obl	_	_
35	volle	voll	ADJ	ADJA	Case=Acc|Gender=Fem|Number=Plur	37	amod	_	_
36	zwei	zwei	NUM	CARD	NumType=Card	37	nummod	_	_
37	Stunden	Stunde|Stunden	NOUN	NN	Case=Acc|Gender=Fem|Number=Plur	38	nmod	_	_
38	lang	lang	ADJ	ADJD	_	47	advmod	_	_
39	chancenlos	chancenlos	ADJ	ADJD	_	47	advmod	_	_
40	einer	ein	DET	ART	Case=Dat|Definite=Ind|Gender=Masc|Number=Sing|PronType=Art	46	det	_	_
41	ausser	ausser	ADP	APPR	_	42	case	_	_
42	Rand	Rand	NOUN	NN	Case=Dat|Gender=Masc|Number=Sing	45	nmod	_	_
43	und	und	CCONJ	KON	_	44	cc	_	_
44	Band	Band	NOUN	NN	Case=Dat|Gender=Fem|Number=Sing	42	conj	_	_
45	geratenen	geraten	ADJ	ADJA	Case=Dat|Gender=Fem|Number=Sing	46	amod	_	_
46	Menschenmasse	Menschenmasse	NOUN	NN	Case=Dat|Gender=Fem|Number=Sing	47	iobj	_	_
47	ausgesetzt	aussetzen	VERB	VVPP	VerbForm=Part	27	acl	_	_
48	war	sein	AUX	VAFIN	Mood=Ind|Number=Sing|Person=3|Tense=Past|VerbForm=Fin	47	aux:pass	_	_
49	,	,	PUNCT	$,	_	67	punct	_	_
50	bis	bis	SCONJ	KOUS	_	67	mark	_	_
51	er	er	PRON	PPER	Case=Nom|Gender=Masc|Number=Sing|Person=3|PronType=Prs	67	nsubj	_	_
52	,	,	PUNCT	$,	_	54	punct	_	_
53	völlig	völlig	ADJ	ADJD	_	54	advmod	_	_
54	verängstigt	verängstigen	ADJ	ADJD	_	67	advmod	_	_
55	,	,	PUNCT	$,	_	67	punct	_	_
56	unter	unter	ADP	APPR	_	60	case	_	_
57	furchtbaren	furchtbar	ADJ	ADJA	Case=Dat|Gender=Masc|Number=Plur	60	amod	_	_
58	Schmerzen	Schmerz	NOUN	NN	Case=Dat|Gender=Masc|Number=Plur	60	compound	_	_
59	-	-	PUNCT	$(	_	58	punct	_	_
60	symbolhaft	symbolhaft	NOUN	NN	_	67	obl	_	_
61	-	-	PUNCT	$(	_	64	punct	_	_
62	vor	vor	ADP	APPR	_	64	case	_	_
63	den	der	DET	ART	Case=Dat|Definite=Def|Gender=Neut|Number=Plur|PronType=Art	64	det	_	_
64	Toren	Tor	NOUN	NN	Case=Dat|Gender=Neut|Number=Plur	67	obl	_	_
65	einer	ein	DET	ART	Case=Gen|Definite=Ind|Gender=Fem|Number=Sing|PronType=Art	66	det	_	_
66	Kathedrale	Kathedrale	NOUN	NN	Case=Gen|Gender=Fem|Number=Sing	64	nmod	_	_
67	zusammenbrach	zusammenbrach	VERB	VVFIN	Mood=Ind|Number=Sing|Person=3|Tense=Past|VerbForm=Fin	47	advcl	_	_
68	.	.	PUNCT	$.	_	14	punct	_	_
";;;;;;;;;;x;;;;;;;;;;;;;;
verängstigen;NZZ_1996_10_17_a146_seg3_s11;34;Heute weiss natürlich jeder Gichtpatient , dass Fleisch und Weisswein seinem Wohlbefinden abträglich sind , im Gegensatz zum Birchermüesli , das auch jene beruhigt , die von der hochschwappenden Cholesterinwelle in den Medien verängstigt wurden .;"1	Heute	heute	ADV	ADV	_	2	advmod	_	_
2	weiss	wissen	VERB	VVFIN	Mood=Ind|Number=Sing|Person=3|Tense=Pres|VerbForm=Fin	0	root	_	_
3	natürlich	natürlich	ADV	ADV	_	2	advmod	_	_
4	jeder	jed	PRON	PIAT	Case=Nom|Definite=Ind|Gender=Masc|Number=Sing|PronType=Ind	5	det	_	_
5	Gichtpatient	Gichtpatient	NOUN	NN	Case=Nom|Gender=Masc|Number=Sing	2	nsubj	_	_
6	,	,	PUNCT	$,	_	13	punct	_	_
7	dass	dass	SCONJ	KOUS	_	13	mark	_	_
8	Fleisch	Fleisch	NOUN	NN	Case=Nom|Gender=Neut|Number=Sing	13	nsubj	_	_
9	und	und	CCONJ	KON	_	10	cc	_	_
10	Weisswein	Weisswein	NOUN	NN	Case=Nom|Gender=Masc|Number=Sing	8	conj	_	_
11	seinem	sein	DET	PPOSAT	Case=Dat|Gender=Masc|Gender[psor]=Masc,Neut|Number=Sing|Number[psor]=Sing|Person=3|Poss=Yes|PronType=Prs	12	det:poss	_	_
12	Wohlbefinden	Wohlbefinden	NOUN	NN	Case=Dat|Gender=Neut|Number=Sing	13	iobj	_	_
13	abträglich	abträglich	ADJ	ADJD	_	2	ccomp	_	_
14	sind	sein	AUX	VAFIN	Mood=Ind|Number=Plur|Person=3|Tense=Pres|VerbForm=Fin	13	cop	_	_
15	,	,	PUNCT	$,	_	17	punct	_	_
16	im	em	DET	ART	Case=Acc|Definite=Def|Gender=Masc|Number=Sing|PronType=Art	17	det	_	_
17	Gegensatz	Gegensatz	NOUN	NN	Case=Acc|Gender=Masc|Number=Sing	5	appos	_	_
18	zum	zum	DET	ART	Case=Gen|Definite=Def|Gender=Neut|Number=Sing|PronType=Art	19	det	_	_
19	Birchermüesli	Birchermüesli	NOUN	NN	Case=Dat|Gender=Neut|Number=Sing	17	nmod	_	_
20	,	,	PUNCT	$,	_	24	punct	_	_
21	das	der	PRON	PRELS	Case=Nom|Gender=Neut|Number=Sing|PronType=Rel	24	nsubj	_	_
22	auch	auch	ADV	ADV	_	24	advmod	_	_
23	jene	jen	PRON	PDS	Case=Acc|Number=Plur|PronType=Dem	24	obj	_	_
24	beruhigt	beruhigen	VERB	VVFIN	VerbForm=Part	19	acl	_	_
25	,	,	PUNCT	$,	_	34	punct	_	_
26	die	der	PRON	PRELS	Case=Nom|Number=Plur|PronType=Rel	34	nsubj:pass	_	_
27	von	von	ADP	APPR	_	30	case	_	_
28	der	der	DET	ART	Case=Dat|Definite=Def|Gender=Fem|Number=Sing|PronType=Art	30	det	_	_
29	hochschwappenden	hochschwappend	ADJ	ADJA	Case=Dat|Gender=Fem|Number=Sing	30	amod	_	_
30	Cholesterinwelle	Cholesterinwelle	NOUN	NN	Case=Dat|Gender=Fem|Number=Sing	34	obl	_	_
31	in	in	ADP	APPR	_	33	case	_	_
32	den	der	DET	ART	Case=Dat|Definite=Def|Gender=Neut|Number=Plur|PronType=Art	33	det	_	_
33	Medien	Medium	NOUN	NN	Case=Dat|Gender=Neut|Number=Plur	34	obl	_	_
34	verängstigt	verängstigen	VERB	VVPP	VerbForm=Part	23	acl	_	_
35	wurden	werden	AUX	VAFIN	Mood=Ind|Number=Plur|Person=3|Tense=Past|VerbForm=Fin|Voice=Pass	34	aux:pass	_	_
36	.	.	PUNCT	$.	_	2	punct	_	_
";;;;;;x;;;;;;;;;;;;;von;;;;NZZ;inanim von-PP
verängstigen;NZZ_1996_11_02_a58_seg2_s8;7;Nicht nur seien Generationen von Badenden verängstigt worden .;"1	Nicht	nicht	PART	PTKNEG	Polarity=Neg	2	advmod	_	_
2	nur	nur	ADV	ADV	_	7	advmod	_	_
3	seien	sein	AUX	VAFIN	Mood=Sub|Number=Plur|Person=3|Tense=Pres|VerbForm=Fin	7	aux	_	_
4	Generationen	Generation	NOUN	NN	Case=Nom|Gender=Fem|Number=Plur	7	nsubj:pass	_	_
5	von	von	ADP	APPR	_	6	case	_	_
6	Badenden	Badende	NOUN	NN	Case=Dat|Number=Plur	4	nmod	_	_
7	verängstigt	verängstigen	VERB	VVPP	VerbForm=Part	0	root	_	_
8	worden	werden	AUX	VAPP	VerbForm=Part|Voice=Pass	7	aux:pass	_	_
9	.	.	PUNCT	$.	_	7	punct	_	_
";;;;;;x;;;;;;;;;;;;;;;;fragment;;Generation
verängstigen;NZZ_1997_01_07_a108_seg5_s9;3;Als solcher verängstigt und quält er - aus Rache ?;"1	Als	als	ADP	KOKOM	_	2	case	_	_
2	solcher	solch	PRON	PIS	Case=Nom|Definite=Ind|Gender=Masc|Number=Sing|PronType=Ind	3	obl	_	_
3	verängstigt	verängstigen	VERB	VVFIN	Mood=Ind|Number=Sing|Person=3|Tense=Pres|VerbForm=Fin	0	root	_	_
4	und	und	CCONJ	KON	_	5	cc	_	_
5	quält	qüälen	VERB	VVFIN	Mood=Ind|Number=Sing|Person=3|Tense=Pres|VerbForm=Fin	3	conj	_	_
6	er	er	PRON	PPER	Case=Nom|Gender=Masc|Number=Sing|Person=3|PronType=Prs	5	nsubj	_	_
7	-	-	PUNCT	$(	_	9	punct	_	_
8	aus	aus	ADP	APPR	_	9	case	_	_
9	Rache	Rache	NOUN	NN	Case=Dat|Gender=Fem|Number=Sing	5	obl	_	_
10	?	?	PUNCT	$.	_	3	punct	_	_
";;;;x;;;;;;;;;;;;;;ambiguous;;;;;probably anim;
verängstigen;NZZ_1997_07_28_a125_seg4_s9;8;Der geballten Leistungsbereitschaft der Zürcher hatten die verängstigen , zum Teil fast schon zaudernden Basler in den ersten 45 Minuten nichts entgegenzusetzen .;"1	Der	der	DET	ART	Case=Dat|Definite=Def|Gender=Fem|Number=Sing|PronType=Art	3	det	_	_
2	geballten	geballt	ADJ	ADJA	Case=Dat|Gender=Fem|Number=Sing	3	amod	_	_
3	Leistungsbereitschaft	Leistungsbereitschaft	NOUN	NN	Case=Dat|Gender=Fem|Number=Sing	6	iobj	_	_
4	der	der	DET	ART	Case=Gen|Definite=Def|Gender=Masc|Number=Plur|PronType=Art	5	det	_	_
5	Zürcher	Zürcher	NOUN	NN	Case=Gen|Gender=Masc|Number=Plur	3	nmod	_	_
6	hatten	haben	VERB	VAFIN	Mood=Ind|Number=Plur|Person=3|Tense=Past|VerbForm=Fin	0	root	_	_
7	die	der	DET	ART	Case=Nom|Definite=Def|Gender=Masc|Number=Plur|PronType=Art	11	det	_	_
8	verängstigen	verängstig	ADJ	ADJA	Case=Nom|Gender=Masc|Number=Plur	11	amod	_	_
9	,	,	PUNCT	$,	_	8	punct	_	_
10	zum	zum	ADJ	ADJA	Case=Acc|Gender=Masc|Number=Sing	8	conj	_	_
11	Teil	Teil	NOUN	NN	Case=Acc|Gender=Masc|Number=Sing	6	nsubj	_	_
12	fast	fast	ADV	ADV	_	13	advmod	_	_
13	schon	schon	ADV	ADV	_	14	advmod	_	_
14	zaudernden	zaudernd	ADJ	ADJA	Case=Acc|Gender=Masc|Number=Sing	15	amod	_	_
15	Basler	Basler	PROPN	NN	Case=Acc|Gender=Masc|Number=Sing	6	nsubj	_	_
16	in	in	ADP	APPR	_	20	case	_	_
17	den	der	DET	ART	Case=Dat|Definite=Def|Gender=Fem|Number=Plur|PronType=Art	20	det	_	_
18	ersten	erst	ADJ	ADJA	Case=Dat|Gender=Fem|Number=Plur	20	amod	_	_
19	45	45	NUM	CARD	NumType=Card	20	nummod	_	_
20	Minuten	Minute	NOUN	NN	Case=Dat|Gender=Fem|Number=Plur	22	obl	_	_
21	nichts	nichts	PRON	PIS	Definite=Ind|PronType=Ind	22	obj	_	_
22	entgegenzusetzen	entgegensetzen	VERB	VVIZU	VerbForm=Inf	6	xcomp	_	_
23	.	.	PUNCT	$.	_	6	punct	_	_
";x;;;;;;;;;;;;;;;;;;;;;;adjective;
verängstigen;NZZ_1997_12_12_a201_seg2_s2;36;Kürzlich wieder zu erleben beim Störmanöver - natürlich mit Tagesschau-Präsenz - an der Internutrition-Gründung ( Vereinigung Schweizer Nahrungsmittel- und Biotech-Firmen ) in Bern ( NZZ 26. 11. 97 ) : Die Konsumenten sollen so weit verängstigt werden , dass sie Fakten und wissenschaftliche Beweisführungen schon gar nicht mehr zur Kenntnis nehmen können .;"1	Kürzlich	kürzlich	ADJ	ADJD	_	4	advmod	_	_
2	wieder	wieder	ADV	ADV	_	4	advmod	_	_
3	zu	zu	PART	PTKZU	_	4	mark	_	_
4	erleben	erleben	VERB	VVINF	VerbForm=Inf	0	root	_	_
5	beim	beim	PUNCT	$(	_	4	punct	_	_
6	Störmanöver	Störmanöver	NOUN	NN	Case=Nom|Gender=Masc|Number=Sing	8	compound	_	_
7	-	-	PUNCT	$(	_	6	punct	_	_
8	natürlich	natürlich	ADJ	ADV	_	4	advmod	_	_
9	mit	mit	ADP	APPR	_	10	case	_	_
10	Tagesschau-Präsenz	Tagesschau-Präsenz	NOUN	NN	Case=Dat|Gender=Fem|Number=Sing	4	obl	_	_
11	-	-	PUNCT	$(	_	14	punct	_	_
12	an	an	ADP	APPR	_	14	case	_	_
13	der	der	DET	ART	Case=Dat|Definite=Def|Gender=Fem|Number=Sing|PronType=Art	14	det	_	_
14	Internutrition-Gründung	Internutrition-Gründung	NOUN	NN	Case=Dat|Gender=Fem|Number=Sing	10	nmod	_	_
15	(	(	PUNCT	$(	_	16	punct	_	_
16	Vereinigung	Vereinigung	NOUN	NN	Case=Dat|Gender=Fem|Number=Sing	10	appos	_	_
17	Schweizer	Schweizer	PROPN	ADJA	_	18	amod	_	_
18	Nahrungsmittel-	Nahrungsmittel-	PROPN	NN	Case=Dat|Gender=Neut|Number=Sing	16	nmod	_	_
19	und	und	CCONJ	KON	_	20	cc	_	_
20	Biotech-Firmen	Biotech-Firmen	PROPN	NN	Case=Dat|Gender=Fem|Number=Plur	18	conj	_	_
21	)	)	PUNCT	$(	_	16	punct	_	_
22	in	in	ADP	APPR	_	23	case	_	_
23	Bern	Bern	PROPN	NE	Case=Dat|Gender=Neut|Number=Sing	10	nmod	_	_
24	(	(	PUNCT	$(	_	25	punct	_	_
25	NZZ	NZZ	PROPN	NE	Case=Dat|Gender=Neut|Number=Sing	23	appos	_	_
26	26.	26.	NUM	CARD	NumType=Card	25	appos	_	_
27	11.	11.	ADV	ADV	_	28	advmod	_	_
28	97	97	NUM	CARD	NumType=Card	25	appos	_	_
29	)	)	PUNCT	$(	_	25	punct	_	_
30	:	:	PUNCT	$.	_	36	punct	_	_
31	Die	der	DET	ART	Case=Nom|Definite=Def|Gender=Neut|Number=Plur|PronType=Art	32	det	_	_
32	Konsumenten	Konsument	NOUN	NN	Case=Nom|Gender=Neut|Number=Plur	36	nsubj:pass	_	_
33	sollen	sollen	AUX	VMFIN	Mood=Ind|Number=Plur|Person=3|Tense=Pres|VerbForm=Fin	36	aux	_	_
34	so	so	ADV	ADV	_	35	advmod	_	_
35	weit	weit	ADJ	ADJD	_	36	advmod	_	_
36	verängstigt	verängstigen	VERB	VVPP	VerbForm=Part	4	parataxis	_	_
37	werden	werden	AUX	VAINF	VerbForm=Inf|Voice=Pass	36	aux:pass	_	_
38	,	,	PUNCT	$,	_	51	punct	_	_
39	dass	dass	SCONJ	KOUS	_	51	mark	_	_
40	sie	sie	PRON	PPER	Case=Nom|Number=Plur|Person=3|PronType=Prs	51	nsubj	_	_
41	Fakten	Faktum	NOUN	NN	Case=Acc|Gender=Fem|Number=Plur	51	obj	_	_
42	und	und	CCONJ	KON	_	44	cc	_	_
43	wissenschaftliche	wissenschaftlich	ADJ	ADJA	Case=Acc|Gender=Fem|Number=Plur	44	amod	_	_
44	Beweisführungen	Beweisführung	NOUN	NN	Case=Acc|Gender=Fem|Number=Plur	41	conj	_	_
45	schon	schon	ADV	ADV	_	47	advmod	_	_
46	gar	gar	ADV	ADV	_	47	advmod	_	_
47	nicht	nicht	PART	PTKNEG	Polarity=Neg	51	advmod	_	_
48	mehr	mehr	ADV	ADV	_	47	advmod	_	_
49	zur	zur	ADJ	ADJA	Case=Acc|Gender=Fem|Number=Sing	50	amod	_	_
50	Kenntnis	Kenntnis	NOUN	NN	Case=Acc|Gender=Fem|Number=Sing	51	obj	_	_
51	nehmen	nehmen	VERB	VVINF	VerbForm=Inf	36	ccomp	_	_
52	können	können	AUX	VMFIN	Mood=Ind|Number=Plur|Person=3|Tense=Pres|VerbForm=Fin	51	aux	_	_
53	.	.	PUNCT	$.	_	36	punct	_	_
";;;;;;x;;;;;;;;;;;;;;;;;NZZ;
verängstigen;NZZ_1998_03_20_a230_seg2_s11;2;Das verängstigt breite Kreise .;"1	Das	der	PRON	PDS	Case=Nom|Gender=Neut|Number=Sing|PronType=Dem	2	nsubj	_	_
2	verängstigt	verängstigen	VERB	VVFIN	Mood=Ind|Number=Sing|Person=3|Tense=Pres|VerbForm=Fin	0	root	_	_
3	breite	breit	ADJ	ADJA	Case=Acc|Gender=Masc|Number=Plur	4	amod	_	_
4	Kreise	Kreis	NOUN	NN	Case=Acc|Gender=Masc|Number=Plur	2	obj	_	_
5	.	.	PUNCT	$.	_	2	punct	_	_
";;;x;;;;;;;;;;;;;;;ambiguous;;;;EXP_anim_proxy;;Kreise
verängstigen;NZZ_1998_04_11_a68_seg5_s6;29;Weisse Schafe mit Farbtupfern in Rosa und Türkis , Ziegen mit bunten Wollkugeln auf dem Kopf oder goldigen Glimmergirlanden um den Hals warteten , durch ihr Outfit keineswegs verängstigt , auf Abnehmer .;"1	Weisse	Weisse	ADJ	ADJA	Case=Nom|Gender=Masc|Number=Plur	2	amod	_	_
2	Schafe	Schaf	NOUN	NN	Case=Nom|Gender=Masc|Number=Plur	23	nsubj	_	_
3	mit	mit	ADP	APPR	_	4	case	_	_
4	Farbtupfern	Farbtupfer	NOUN	NN	Case=Dat|Gender=Masc|Number=Plur	2	nmod	_	_
5	in	in	ADP	APPR	_	6	case	_	_
6	Rosa	Rosa	NOUN	NN	Case=Dat|Gender=Neut|Number=Sing	4	nmod	_	_
7	und	und	CCONJ	KON	_	8	cc	_	_
8	Türkis	Türkis	NOUN	NN	Case=Dat|Gender=Neut|Number=Sing	6	conj	_	_
9	,	,	PUNCT	$,	_	10	punct	_	_
10	Ziegen	Ziege	NOUN	NN	Case=Dat|Gender=Neut|Number=Plur	6	conj	_	_
11	mit	mit	ADP	APPR	_	13	case	_	_
12	bunten	bunt	ADJ	ADJA	Case=Dat|Gender=Fem|Number=Plur	13	amod	_	_
13	Wollkugeln	Wollkugel	NOUN	NN	Case=Dat|Gender=Fem|Number=Plur	10	nmod	_	_
14	auf	auf	ADP	APPR	_	16	case	_	_
15	dem	der	DET	ART	Case=Dat|Definite=Def|Gender=Masc|Number=Sing|PronType=Art	16	det	_	_
16	Kopf	Kopf	NOUN	NN	Case=Dat|Gender=Masc|Number=Sing	13	nmod	_	_
17	oder	oder	CCONJ	KON	_	19	cc	_	_
18	goldigen	goldig	ADJ	ADJA	Case=Dat|Gender=Masc|Number=Plur	19	amod	_	_
19	Glimmergirlanden	Glimmergirlanden	NOUN	NN	Case=Dat|Gender=Masc|Number=Plur	6	conj	_	_
20	um	um	ADP	APPR	_	22	case	_	_
21	den	der	DET	ART	Case=Acc|Definite=Def|Gender=Masc|Number=Sing|PronType=Art	22	det	_	_
22	Hals	Hals	NOUN	NN	Case=Acc|Gender=Masc|Number=Sing	19	nmod	_	_
23	warteten	warten	VERB	VVFIN	Mood=Ind|Number=Plur|Person=3|Tense=Past|VerbForm=Fin	0	root	_	_
24	,	,	PUNCT	$,	_	29	punct	_	_
25	durch	durch	ADP	APPR	_	27	case	_	_
26	ihr	ihr	DET	PPOSAT	Case=Acc|Gender=Neut|Number=Sing|Poss=Yes	27	det:poss	_	_
27	Outfit	Outfit	NOUN	NN	Case=Acc|Gender=Neut|Number=Sing	29	nmod	_	_
28	keineswegs	keineswegs	ADV	ADV	_	29	advmod	_	_
29	verängstigt	verängstigen	ADJ	ADJD	_	23	xcomp	_	_
30	,	,	PUNCT	$,	_	32	punct	_	_
31	auf	auf	ADP	APPR	_	32	case	_	_
32	Abnehmer	Abnehmer	NOUN	NN	Case=Acc|Gender=Masc|Number=Plur	23	obl	_	_
33	.	.	PUNCT	$.	_	23	punct	_	_
";;;;;;;;;;x;;;;;;;;;durch;;;;;inanim durch-PP
verängstigen;NZZ_1998_05_08_a202_seg3_s24;13;Inmitten der Emotionen der 20 000 bis 30 000 Fanatiker und etwas verängstigt durch die Explosionen der Petarden , wurde mir erstmals bewusst , wie enorm gross der Druck sein muss , dem die Spieler in solchen Situationen ausgesetzt sind .;"1	Inmitten	inmitten	ADP	APPR	_	3	case	_	_
2	der	der	DET	ART	Case=Gen|Definite=Def|Gender=Fem|Number=Plur|PronType=Art	3	det	_	_
3	Emotionen	Emotion	NOUN	NN	Case=Gen|Gender=Fem|Number=Plur	23	nmod	_	_
4	der	der	DET	ART	Case=Gen|Definite=Def|Gender=Fem|Number=Plur|PronType=Art	10	det	_	_
5	20	20	NUM	CARD	NumType=Card	9	nummod	_	_
6	000	000	NUM	CARD	NumType=Card	9	nummod	_	_
7	bis	bis	ADP	KON	_	8	case	_	_
8	30	30	NUM	CARD	NumType=Card	9	nmod	_	_
9	000	000	NUM	CARD	NumType=Card	10	nmod	_	_
10	Fanatiker	Fanatiker	NOUN	NN	Case=Nom|Gender=Masc|Number=Plur	3	nmod	_	_
11	und	und	CCONJ	KON	_	13	cc	_	_
12	etwas	etwas	ADV	ADV	_	13	advmod	_	_
13	verängstigt	verängstigen	ADJ	ADJD	_	10	conj	_	_
14	durch	durch	ADP	APPR	_	16	case	_	_
15	die	der	DET	ART	Case=Acc|Definite=Def|Gender=Fem|Number=Plur|PronType=Art	16	det	_	_
16	Explosionen	Explosion	NOUN	NN	Case=Acc|Gender=Fem|Number=Plur	13	nmod	_	_
17	der	der	DET	ART	Case=Gen|Definite=Def|Gender=Fem|Number=Plur|PronType=Art	18	det	_	_
18	Petarden	Petarde	NOUN	NN	Case=Gen|Gender=Fem|Number=Plur	16	nmod	_	_
19	,	,	PUNCT	$,	_	3	punct	_	_
20	wurde	werden	AUX	VAFIN	Mood=Ind|Number=Sing|Person=3|Tense=Past|VerbForm=Fin|Voice=Pass	0	root	_	_
21	mir	ich	PRON	PPER	Case=Dat|Number=Sing|Person=1|PronType=Prs	23	iobj	_	_
22	erstmals	erstmals	ADV	ADV	_	23	advmod	_	_
23	bewusst	bewußt	ADJ	ADJD	_	20	xcomp	_	_
24	,	,	PUNCT	$,	_	27	punct	_	_
25	wie	wie	SCONJ	KOUS	_	27	advmod	_	_
26	enorm	enorm	ADV	ADV	_	27	advmod	_	_
27	gross	groß	ADJ	ADJD	_	23	advcl	_	_
28	der	der	DET	ART	Case=Nom|Definite=Def|Gender=Masc|Number=Sing|PronType=Art	29	det	_	_
29	Druck	Druck	NOUN	NN	Case=Nom|Gender=Masc|Number=Sing	27	nsubj	_	_
30	sein	sein	AUX	VAINF	VerbForm=Inf	27	cop	_	_
31	muss	müssen	AUX	VMFIN	Mood=Ind|Number=Sing|Person=3|Tense=Pres|VerbForm=Fin	27	aux	_	_
32	,	,	PUNCT	$,	_	39	punct	_	_
33	dem	der	PRON	PRELS	Case=Dat|Gender=Masc|Number=Sing|PronType=Rel	39	iobj	_	_
34	die	der	DET	ART	Case=Nom|Definite=Def|Gender=Masc|Number=Plur|PronType=Art	35	det	_	_
35	Spieler	Spieler	NOUN	NN	Case=Nom|Gender=Masc|Number=Plur	39	nsubj:pass	_	_
36	in	in	ADP	APPR	_	38	case	_	_
37	solchen	solch	PRON	PIAT	Case=Dat|Definite=Ind|Gender=Fem|Number=Plur|PronType=Ind	38	det	_	_
38	Situationen	Situation	NOUN	NN	Case=Dat|Gender=Fem|Number=Plur	39	obl	_	_
39	ausgesetzt	aussetzen	VERB	VVPP	VerbForm=Part	29	acl	_	_
40	sind	sein	AUX	VAFIN	Mood=Ind|Number=Plur|Person=3|Tense=Pres|VerbForm=Fin	39	aux:pass	_	_
41	.	.	PUNCT	$.	_	20	punct	_	_
";;;;;;;;;;x;;;;;;;;;durch;;;;;inanim durch-PP
verängstigen;NZZ_1998_05_09_a264_seg5_s57;24;Natur , behauptete Anderhub , war immer ein Doppeltes : das Schöne einerseits , das Liebreizende , und anderseits das Schreckliche , welches verängstigt .;"1	Natur	Natur	NOUN	NN	Case=Nom|Gender=Fem|Number=Sing	9	nsubj	_	_
2	,	,	PUNCT	$,	_	3	punct	_	_
3	behauptete	behaupten	VERB	VVFIN	Mood=Ind|Number=Sing|Person=3|Tense=Past|VerbForm=Fin	1	appos	_	_
4	Anderhub	Anderhub	PROPN	NE	Case=Nom|Gender=Masc|Number=Sing	3	nsubj	_	_
5	,	,	PUNCT	$,	_	3	punct	_	_
6	war	sein	AUX	VAFIN	Mood=Ind|Number=Sing|Person=3|Tense=Past|VerbForm=Fin	9	cop	_	_
7	immer	immer	ADV	ADV	_	9	advmod	_	_
8	ein	ein	DET	ART	Case=Nom|Definite=Ind|Gender=Neut|Number=Sing|PronType=Art	9	det	_	_
9	Doppeltes	Doppelt	NOUN	NN	Case=Nom|Gender=Neut|Number=Sing	0	root	_	_
10	:	:	PUNCT	$.	_	12	punct	_	_
11	das	der	DET	ART	Case=Nom|Definite=Def|Gender=Neut|Number=Sing|PronType=Art	12	det	_	_
12	Schöne	schön	NOUN	NN	Case=Nom|Gender=Neut|Number=Sing	9	appos	_	_
13	einerseits	einerseits	ADV	ADV	_	12	advmod	_	_
14	,	,	PUNCT	$,	_	16	punct	_	_
15	das	der	DET	ART	Case=Nom|Definite=Def|Gender=Neut|Number=Sing|PronType=Art	16	det	_	_
16	Liebreizende	Liebreizende	NOUN	NN	Case=Nom|Gender=Neut|Number=Sing	12	conj	_	_
17	,	,	PUNCT	$,	_	21	punct	_	_
18	und	und	CCONJ	KON	_	21	cc	_	_
19	anderseits	anderseits	ADV	ADV	_	21	advmod	_	_
20	das	der	DET	ART	Case=Nom|Definite=Def|Gender=Neut|Number=Sing|PronType=Art	21	det	_	_
21	Schreckliche	Schreckliche	NOUN	NN	Case=Nom|Gender=Neut|Number=Sing	12	conj	_	_
22	,	,	PUNCT	$,	_	24	punct	_	_
23	welches	welch	PRON	PRELS	Case=Nom|Gender=Neut|Number=Sing|PronType=Rel	24	nsubj	_	_
24	verängstigt	verängstigen	VERB	VVFIN	VerbForm=Part	21	acl	_	_
25	.	.	PUNCT	$.	_	9	punct	_	_
";;;;x;;;;;;;;;;;;;;inanim;;;;;;
verängstigen;NZZ_1998_07_11_a244_seg17_s14;36;So stolpern wir in « Sara Coleridge » aus dem Band « Der Tod des Falters » etwa über folgenden Satz : « Doch es war ihr Vater , der ihr , wenn sie , verängstigt durch ein Pferd mit Feueraugen , wachlag , eine Kerze brachte . »;"1	So	so	ADV	ADV	_	2	advmod	_	_
2	stolpern	stolpern	VERB	VVFIN	Mood=Ind|Number=Plur|Person=1|Tense=Pres|VerbForm=Fin	0	root	_	_
3	wir	wir	PRON	PPER	Case=Nom|Number=Plur|Person=1|PronType=Prs	2	nsubj	_	_
4	in	in	ADP	APPR	_	6	case	_	_
5	«	""	PUNCT	$(	_	6	punct	_	_
6	Sara	Sara	PROPN	NE	Case=Dat|Gender=Fem|Number=Sing	2	obl	_	_
7	Coleridge	Coleridge	PROPN	NE	Case=Dat|Gender=Fem|Number=Sing	6	flat	_	_
8	»	""	PUNCT	$(	_	6	punct	_	_
9	aus	aus	ADP	APPR	_	11	case	_	_
10	dem	der	DET	ART	Case=Dat|Definite=Def|Gender=Masc|Number=Sing|PronType=Art	11	det	_	_
11	Band	Band	NOUN	NN	Case=Dat|Gender=Masc|Number=Sing	2	obl	_	_
12	«	""	PUNCT	$(	_	14	punct	_	_
13	Der	d	PRON	ART	Case=Nom|Definite=Def|Gender=Masc|Number=Sing|PronType=Art	14	nmod	_	_
14	Tod	Tod	PROPN	NN	Case=Nom|Gender=Masc|Number=Sing	11	appos	_	_
15	des	d	PRON	ART	Case=Gen|Definite=Def|Gender=Masc|Number=Sing|PronType=Art	16	nmod	_	_
16	Falters	Falters	PROPN	NN	Case=Gen|Gender=Masc|Number=Sing	14	nmod	_	_
17	»	""	PUNCT	$(	_	14	punct	_	_
18	etwa	etwa	ADV	ADV	_	21	advmod	_	_
19	über	über	ADP	APPR	_	21	case	_	_
20	folgenden	folgend	ADJ	ADJA	Case=Acc|Gender=Masc|Number=Sing	21	amod	_	_
21	Satz	Satz	NOUN	NN	Case=Acc|Gender=Masc|Number=Sing	2	obl	_	_
22	:	:	PUNCT	$.	_	28	punct	_	_
23	«	""	PUNCT	$(	_	28	punct	_	_
24	Doch	doch	CCONJ	KON	_	28	cc	_	_
25	es	es	PRON	PPER	Case=Nom|Gender=Neut|Number=Sing|Person=3|PronType=Prs	28	nsubj	_	_
26	war	sein	AUX	VAFIN	Mood=Ind|Number=Sing|Person=3|Tense=Past|VerbForm=Fin	28	cop	_	_
27	ihr	ihr	DET	PPOSAT	Case=Nom|Gender=Masc|Number=Sing|Poss=Yes	28	det:poss	_	_
28	Vater	Vater	NOUN	NN	Case=Nom|Gender=Masc|Number=Sing	47	nsubj	_	_
29	,	,	PUNCT	$,	_	47	punct	_	_
30	der	der	PRON	PRELS	Case=Nom|Gender=Masc|Number=Sing|PronType=Rel	47	nsubj	_	_
31	ihr	ihr	PRON	PPER	Case=Dat|Gender=Fem|Number=Sing|Person=3|PronType=Prs	47	iobj	_	_
32	,	,	PUNCT	$,	_	47	punct	_	_
33	wenn	wenn	SCONJ	KOUS	_	47	mark	_	_
34	sie	sie	PRON	PPER	Case=Nom|Number=Plur|Person=3|PronType=Prs	47	nsubj	_	_
35	,	,	PUNCT	$,	_	36	punct	_	_
36	verängstigt	verängstigen	ADJ	ADJD	_	47	advmod	_	_
37	durch	durch	ADP	APPR	_	39	case	_	_
38	ein	ein	DET	ART	Case=Acc|Definite=Ind|Gender=Neut|Number=Sing|PronType=Art	39	det	_	_
39	Pferd	Pferd	NOUN	NN	Case=Acc|Gender=Neut|Number=Sing	47	obl	_	_
40	mit	mit	ADP	APPR	_	41	case	_	_
41	Feueraugen	Feueraugen	PROPN	NE	Case=Dat|Gender=Masc|Number=Sing	39	nmod	_	_
42	,	,	PUNCT	$,	_	43	punct	_	_
43	wachlag	wachlag	PROPN	NE	Case=Dat|Gender=Masc|Number=Sing	41	conj	_	_
44	,	,	PUNCT	$,	_	46	punct	_	_
45	eine	ein	DET	ART	Case=Acc|Definite=Ind|Gender=Fem|Number=Sing|PronType=Art	46	det	_	_
46	Kerze	Kerz	NOUN	NN	Case=Acc|Gender=Fem|Number=Sing	47	obj	_	_
47	brachte	bringen	VERB	VVFIN	Mood=Ind|Number=Sing|Person=3|Tense=Past|VerbForm=Fin	2	advcl	_	_
48	.	.	PUNCT	$.	_	28	punct	_	_
49	»	""	PUNCT	$(	_	28	punct	_	_
";;;;;;;;;;x;;;;;;;;;durch;;;;;
verängstigen;NZZ_1998_07_21_a2_seg7_s20;16;Die Polizisten hätten mit ihren Gewehren immer wieder auf die Zivilisten gezielt und sie so verängstigt .;"1	Die	der	DET	ART	Case=Nom|Definite=Def|Gender=Masc|Number=Plur|PronType=Art	2	det	_	_
2	Polizisten	Polizist	NOUN	NN	Case=Nom|Gender=Masc|Number=Plur	12	nsubj	_	_
3	hätten	haben	AUX	VAFIN	Mood=Sub|Number=Plur|Person=3|Tense=Past|VerbForm=Fin	12	aux	_	_
4	mit	mit	ADP	APPR	_	6	case	_	_
5	ihren	ihr	DET	PPOSAT	Case=Dat|Gender=Neut|Number=Plur|Person=3|Poss=Yes|PronType=Prs	6	det:poss	_	_
6	Gewehren	Gewehr	NOUN	NN	Case=Dat|Gender=Neut|Number=Plur	12	obl	_	_
7	immer	immer	ADV	ADV	_	8	advmod	_	_
8	wieder	wieder	ADV	ADV	_	12	advmod	_	_
9	auf	auf	ADP	APPR	_	11	case	_	_
10	die	der	DET	ART	Case=Acc|Definite=Def|Gender=Masc|Number=Plur|PronType=Art	11	det	_	_
11	Zivilisten	Zivilist	NOUN	NN	Case=Acc|Gender=Masc|Number=Plur	12	obl	_	_
12	gezielt	gezielt	VERB	VVPP	VerbForm=Part	0	root	_	_
13	und	und	CCONJ	KON	_	16	cc	_	_
14	sie	sie	PRON	PPER	Case=Nom|Number=Plur|Person=3|PronType=Prs	16	nsubj	_	_
15	so	so	ADV	ADV	_	16	advmod	_	_
16	verängstigt	verängstigen	VERB	VVPP	VerbForm=Part	12	conj	_	_
17	.	.	PUNCT	$.	_	12	punct	_	_
";;;x;;;;;;;;;;;;;;;anim;;;;;;agentive
verängstigen;NZZ_1998_09_05_a239_seg12_s3;18;Der mit Gewehr und Haken bewaffnete Dompteur betritt den Käfig , feuert Schüsse ab und treibt die verängstigen Tiere von einer Wand zur anderen .;"1	Der	der	DET	ART	Case=Nom|Definite=Def|Gender=Masc|Number=Sing|PronType=Art	7	det	_	_
2	mit	mit	ADP	APPR	_	3	case	_	_
3	Gewehr	Gewehr	NOUN	NN	Case=Dat|Gender=Neut|Number=Sing	6	nmod	_	_
4	und	und	CCONJ	KON	_	5	cc	_	_
5	Haken	Haken	NOUN	NN	Case=Dat|Gender=Masc|Number=Sing	3	conj	_	_
6	bewaffnete	bewaffnet	ADJ	ADJA	Case=Nom|Gender=Masc|Number=Sing	7	amod	_	_
7	Dompteur	Dompteur	NOUN	NN	Case=Nom|Gender=Masc|Number=Sing	8	nsubj	_	_
8	betritt	betreten	VERB	VVFIN	Mood=Ind|Number=Sing|Person=3|Tense=Pres|VerbForm=Fin	0	root	_	_
9	den	der	DET	ART	Case=Acc|Definite=Def|Gender=Masc|Number=Sing|PronType=Art	10	det	_	_
10	Käfig	Käfig	NOUN	NN	Case=Acc|Gender=Masc|Number=Sing	8	obj	_	_
11	,	,	PUNCT	$,	_	12	punct	_	_
12	feuert	feuern	VERB	VVFIN	Mood=Ind|Number=Sing|Person=3|Tense=Pres|VerbForm=Fin	8	conj	_	_
13	Schüsse	Schuß	NOUN	NN	Case=Acc|Gender=Masc|Number=Plur	12	obj	_	_
14	ab	ab	ADP	PTKVZ	_	12	compound:prt	_	_
15	und	und	CCONJ	KON	_	16	cc	_	_
16	treibt	treiben	VERB	VVFIN	Mood=Ind|Number=Sing|Person=3|Tense=Pres|VerbForm=Fin	8	conj	_	_
17	die	der	DET	ART	Case=Acc|Definite=Def|Gender=Neut|Number=Plur|PronType=Art	19	det	_	_
18	verängstigen	verängstig	ADJ	ADJA	Case=Acc|Gender=Neut|Number=Plur	19	amod	_	_
19	Tiere	Tier	NOUN	NN	Case=Acc|Gender=Neut|Number=Plur	16	obj	_	_
20	von	von	ADP	APPR	_	22	case	_	_
21	einer	ein	DET	ART	Case=Dat|Definite=Ind|Gender=Fem|Number=Sing|PronType=Art	22	det	_	_
22	Wand	Wand	NOUN	NN	Case=Dat|Gender=Fem|Number=Sing	16	obl	_	_
23	zur	zur	ADP	APPR	_	24	case	_	_
24	anderen	ander	PRON	PIS	Case=Dat|Definite=Ind|Number=Plur|PronType=Ind	22	nmod	_	_
25	.	.	PUNCT	$.	_	8	punct	_	_
";x;;;;;;;;;;;;;;;;;;;;;;adjective;
verängstigen;NZZ_1998_10_01_a57_seg2_s7;5;Örtliche Amateurfunker berichteten von verängstigt aus ihren Häusern laufenden Menschen .;"1	Örtliche	örtlich	ADJ	ADJA	Case=Nom|Gender=Masc|Number=Plur	2	amod	_	_
2	Amateurfunker	Amateurfunker	NOUN	NN	Case=Nom|Gender=Masc|Number=Plur	3	nsubj	_	_
3	berichteten	berichten	VERB	VVFIN	Mood=Ind|Number=Plur|Person=3|Tense=Past|VerbForm=Fin	0	root	_	_
4	von	von	ADP	APPR	_	10	case	_	_
5	verängstigt	verängstigen	ADJ	ADJD	_	9	advmod	_	_
6	aus	aus	ADP	APPR	_	8	case	_	_
7	ihren	ihr	DET	PPOSAT	Case=Dat|Gender=Neut|Number=Plur|Person=3|Poss=Yes|PronType=Prs	8	det:poss	_	_
8	Häusern	Haus	NOUN	NN	Case=Dat|Gender=Neut|Number=Plur	9	nmod	_	_
9	laufenden	laufend	ADJ	ADJA	Case=Dat|Gender=Masc|Number=Plur	10	amod	_	_
10	Menschen	Mensch	NOUN	NN	Case=Acc|Gender=Masc|Number=Plur	3	obj	_	_
11	.	.	PUNCT	$.	_	3	punct	_	_
";;;;;;;;;;x;;;;;;;;;;;;;;
verängstigen;NZZ_1999_01_04_a140_seg17_s3;7;Der exzentrische Mr. Enderby ist sichtlich verängstigt vor ihren Augen tot zusammengebrochen .;"1	Der	der	DET	ART	Case=Nom|Definite=Def|Gender=Masc|Number=Sing|PronType=Art	3	det	_	_
2	exzentrische	exzentrisch	ADJ	ADJA	Case=Nom|Gender=Masc|Number=Sing	3	amod	_	_
3	Mr.	Mr.	NOUN	NN	Case=Nom|Gender=Masc|Number=Sing	12	nsubj	_	_
4	Enderby	Enderby	PROPN	NE	Case=Nom|Gender=Masc|Number=Sing	3	appos	_	_
5	ist	sein	AUX	VAFIN	Mood=Ind|Number=Sing|Person=3|Tense=Pres|VerbForm=Fin	12	aux	_	_
6	sichtlich	sichtlich	ADV	ADJD	_	7	advmod	_	_
7	verängstigt	verängstigen	ADJ	ADJD	_	12	advmod	_	_
8	vor	vor	ADP	APPR	_	10	case	_	_
9	ihren	ihr	DET	PPOSAT	Case=Dat|Gender=Neut|Number=Plur|Person=3|Poss=Yes|PronType=Prs	10	det:poss	_	_
10	Augen	Auge	NOUN	NN	Case=Dat|Gender=Neut|Number=Plur	12	obl	_	_
11	tot	tot	ADJ	ADJD	_	12	xcomp	_	_
12	zusammengebrochen	zusammenbrechen	ADJ	VVPP	VerbForm=Part	0	root	_	_
13	.	.	PUNCT	$.	_	12	punct	_	_
";;;;;x;;;;;;;;;;;;;;;;;;;
verängstigen;NZZ_1999_03_24_a82_seg4_s7;7;Er kritisierte , dass die Leute verängstigt und verunsichert würden , indem man einen Konflikt zwischen Sozialstaat und Wirtschaft heraufbeschwöre .;"1	Er	er	PRON	PPER	Case=Nom|Gender=Masc|Number=Sing|Person=3|PronType=Prs	2	nsubj	_	_
2	kritisierte	kritisieren	VERB	VVFIN	Mood=Ind|Number=Sing|Person=3|Tense=Past|VerbForm=Fin	0	root	_	_
3	,	,	PUNCT	$,	_	7	punct	_	_
4	dass	dass	SCONJ	KOUS	_	7	mark	_	_
5	die	der	DET	ART	Case=Nom|Number=Plur|PronType=Art	6	det	_	_
6	Leute	Leute	NOUN	NN	Case=Nom|Number=Plur	7	nsubj	_	_
7	verängstigt	verängstigen	ADJ	ADJD	_	2	ccomp	_	_
8	und	und	CCONJ	KON	_	9	cc	_	_
9	verunsichert	verunsichern	ADJ	ADJD	_	7	conj	_	_
10	würden	werden	AUX	VAFIN	Mood=Sub|Number=Plur|Person=3|Tense=Past|VerbForm=Fin	7	aux	_	_
11	,	,	PUNCT	$,	_	20	punct	_	_
12	indem	indem	SCONJ	KOUS	_	20	mark	_	_
13	man	man	PRON	PIS	Case=Nom|Definite=Ind|Number=Sing|PronType=Ind	20	nsubj	_	_
14	einen	ein	DET	ART	Case=Acc|Definite=Ind|Gender=Masc|Number=Sing|PronType=Art	15	det	_	_
15	Konflikt	Konflikt	NOUN	NN	Case=Acc|Gender=Masc|Number=Sing	20	obj	_	_
16	zwischen	zwischen	ADP	APPR	_	17	case	_	_
17	Sozialstaat	Sozialstaat	NOUN	NN	Case=Dat|Gender=Masc|Number=Sing	15	nmod	_	_
18	und	und	CCONJ	KON	_	19	cc	_	_
19	Wirtschaft	Wirtschaft	NOUN	NN	Case=Dat|Gender=Fem|Number=Sing	17	conj	_	_
20	heraufbeschwöre	heraufbeschwöre	VERB	VVFIN	Mood=Ind|Number=Sing|Person=3|Tense=Pres|VerbForm=Fin	7	advcl	_	_
21	.	.	PUNCT	$.	_	2	punct	_	_
";;;;;;x;;;;;;;;;;;;;;;;;;
verängstigen;NZZ_1999_07_05_a9_seg5_s2;2;Ihn verängstigt vor allem die Tag für Tag zunehmende Gewaltbereitschaft insbesondere von jungen , offenbar immer häufiger unter Drogeneinfluss stehenden Tätern .;"1	Ihn	er	PRON	PPER	Case=Acc|Gender=Masc|Number=Sing|Person=3|PronType=Prs	2	obj	_	_
2	verängstigt	verängstigen	VERB	VVFIN	Mood=Ind|Number=Sing|Person=3|Tense=Pres|VerbForm=Fin	0	root	_	_
3	vor	vor	ADP	APPR	_	4	case	_	_
4	allem	alle	PRON	PIS	Case=Dat|Definite=Ind|Gender=Neut|Number=Sing|PronType=Ind	2	obl	_	_
5	die	der	DET	ART	Case=Nom|Definite=Def|Gender=Masc|Number=Sing|PronType=Art	6	det	_	_
6	Tag	Tag	NOUN	NN	Case=Nom|Gender=Masc|Number=Sing	2	nsubj	_	_
7	für	für	ADP	APPR	_	8	case	_	_
8	Tag	Tag	NOUN	NN	Case=Acc|Gender=Masc|Number=Sing	9	nmod	_	_
9	zunehmende	zunehmend	ADJ	ADJA	Case=Acc|Gender=Fem|Number=Sing	10	amod	_	_
10	Gewaltbereitschaft	Gewaltbereitschaft	NOUN	NN	Case=Acc|Gender=Fem|Number=Sing	2	obj	_	_
11	insbesondere	insbesondere	ADV	ADV	_	21	advmod	_	_
12	von	von	ADP	APPR	_	21	case	_	_
13	jungen	jung	ADJ	ADJA	Case=Dat|Gender=Masc|Number=Plur	21	amod	_	_
14	,	,	PUNCT	$,	_	13	punct	_	_
15	offenbar	offenbar	ADJ	ADV	_	17	advmod	_	_
16	immer	immer	ADV	ADV	_	17	advmod	_	_
17	häufiger	häufig	ADJ	ADJD	_	20	advmod	_	_
18	unter	unter	ADP	APPR	_	19	case	_	_
19	Drogeneinfluss	Drogeneinfluß	NOUN	NN	Case=Dat|Gender=Masc|Number=Sing	20	nmod	_	_
20	stehenden	stehend	ADJ	ADJA	Case=Dat|Gender=Masc|Number=Plur	21	amod	_	_
21	Tätern	Täter	NOUN	NN	Case=Dat|Gender=Masc|Number=Plur	2	obl	_	_
22	.	.	PUNCT	$.	_	2	punct	_	_
";;;x;;;;;;;;;;;;;;;inanim;;;;;;
verängstigen;NZZ_1999_08_14_a23_seg14_s22;22;Ihre aggressiven Elemente sind bösartiger , zynischer , intoleranter als anderswo , ihre auf Bewahrung des Erreichten gestimmten Schichten sind tiefer verängstigt , verunsichert , in den Nerven mitgenommen und damit ebenso zu radikaler Reaktion oder zu rasch aufgebender Resignation disponiert . »;"1	Ihre	Ihr|ihr	DET	PPOSAT	Case=Nom|Gender=Neut|Number=Plur|Person=3|Poss=Yes|PronType=Prs	3	det:poss	_	_
2	aggressiven	aggressiv	ADJ	ADJA	Case=Nom|Gender=Neut|Number=Plur	3	amod	_	_
3	Elemente	Element	NOUN	NN	Case=Nom|Gender=Neut|Number=Plur	5	nsubj	_	_
4	sind	sein	AUX	VAFIN	Mood=Ind|Number=Plur|Person=3|Tense=Pres|VerbForm=Fin	5	cop	_	_
5	bösartiger	bösartig	ADJ	ADJD	_	0	root	_	_
6	,	,	PUNCT	$,	_	7	punct	_	_
7	zynischer	zynisch	ADJ	ADJD	_	5	conj	_	_
8	,	,	PUNCT	$,	_	9	punct	_	_
9	intoleranter	intoleranter	ADJ	ADJD	_	5	conj	_	_
10	als	als	ADP	KOKOM	_	11	case	_	_
11	anderswo	anderswo	ADV	ADV	_	9	advmod	_	_
12	,	,	PUNCT	$,	_	22	punct	_	_
13	ihre	ihr	DET	PPOSAT	Case=Nom|Gender=Fem|Number=Sing|Person=3|Poss=Yes|PronType=Prs	19	det:poss	_	_
14	auf	auf	ADP	APPR	_	15	case	_	_
15	Bewahrung	Bewahrung	NOUN	NN	Case=Acc|Gender=Fem|Number=Sing	18	nmod	_	_
16	des	der	DET	ART	Case=Gen|Definite=Def|Gender=Neut|Number=Sing|PronType=Art	17	det	_	_
17	Erreichten	Erreicht	NOUN	NN	Case=Gen|Gender=Neut|Number=Sing	15	nmod	_	_
18	gestimmten	gestimmt	ADJ	ADJA	Case=Gen|Gender=Fem|Number=Plur	19	amod	_	_
19	Schichten	Schicht	NOUN	NN	Case=Nom|Gender=Fem|Number=Plur	22	nsubj	_	_
20	sind	sein	AUX	VAFIN	Mood=Ind|Number=Plur|Person=3|Tense=Pres|VerbForm=Fin	22	cop	_	_
21	tiefer	tief	ADJ	ADJD	_	22	advmod	_	_
22	verängstigt	verängstigen	ADJ	ADJD	_	5	conj	_	_
23	,	,	PUNCT	$,	_	24	punct	_	_
24	verunsichert	verunsichern	ADJ	ADJD	_	22	conj	_	_
25	,	,	PUNCT	$,	_	29	punct	_	_
26	in	in	ADP	APPR	_	28	case	_	_
27	den	der	DET	ART	Case=Dat|Definite=Def|Gender=Fem|Number=Plur|PronType=Art	28	det	_	_
28	Nerven	Nerv|Nerven	NOUN	NN	Case=Dat|Gender=Fem|Number=Plur	29	obl	_	_
29	mitgenommen	mitnehmen	VERB	VVPP	VerbForm=Part	22	conj	_	_
30	und	und	CCONJ	KON	_	41	cc	_	_
31	damit	damit	ADV	PAV	_	41	advmod	_	_
32	ebenso	ebenso	ADV	ADV	_	41	advmod	_	_
33	zu	zu	ADP	APPR	_	35	case	_	_
34	radikaler	radikal	ADJ	ADJA	Case=Dat|Gender=Fem|Number=Sing	35	amod	_	_
35	Reaktion	Reaktion	NOUN	NN	Case=Dat|Gender=Fem|Number=Sing	41	obl	_	_
36	oder	oder	CCONJ	KON	_	40	cc	_	_
37	zu	zu	ADP	APPR	_	40	case	_	_
38	rasch	rasch	ADJ	ADJD	_	39	advmod	_	_
39	aufgebender	aufgebend	ADJ	ADJA	Case=Dat|Gender=Fem|Number=Sing	40	amod	_	_
40	Resignation	Resignation	NOUN	NN	Case=Dat|Gender=Fem|Number=Sing	35	conj	_	_
41	disponiert	disponieren	ADJ	VVPP	VerbForm=Part	29	conj	_	_
42	.	.	PUNCT	$.	_	22	punct	_	_
43	»	""	PUNCT	$(	_	22	punct	_	_
";;;;;x;;;;;;;;;;;;;;;;;ambiguous;;Schichten
verängstigen;NZZ_1999_08_27_a57_seg7_s8;5;Viele Autolenker seien stark verängstigt gewesen .;"1	Viele	viel	PRON	PIAT	Case=Nom|Definite=Ind|Gender=Masc|Number=Plur|PronType=Ind	2	det	_	_
2	Autolenker	Autolenker	NOUN	NN	Case=Nom|Gender=Masc|Number=Plur	5	nsubj	_	_
3	seien	sein	AUX	VAFIN	Mood=Sub|Number=Plur|Person=3|Tense=Pres|VerbForm=Fin	5	aux	_	_
4	stark	stark	ADJ	ADJD	_	5	advmod	_	_
5	verängstigt	verängstigen	ADJ	ADJD	_	0	root	_	_
6	gewesen	sein	AUX	VAPP	VerbForm=Part	5	cop	_	_
7	.	.	PUNCT	$.	_	5	punct	_	_
";;;;;x;;;;;;;;;;;;;;;;;;;
verängstigen;NZZ_1999_09_17_a70_seg8_s3;6;Die Märkte seien verunsichert und verängstigt worden , durch Schritte und Erklärungen von offizieller Seite bezüglich forcierter Finanzierungen und Umschuldungen für Pakistan , Rumänien , die Ukraine und jüngst auch Ecuador .;"1	Die	der	DET	ART	Case=Nom|Definite=Def|Gender=Masc|Number=Plur|PronType=Art	2	det	_	_
2	Märkte	Markt	NOUN	NN	Case=Nom|Gender=Masc|Number=Plur	4	nsubj	_	_
3	seien	sein	AUX	VAFIN	Mood=Sub|Number=Plur|Person=3|Tense=Pres|VerbForm=Fin	4	cop	_	_
4	verunsichert	verunsichern	ADJ	ADJD	_	0	root	_	_
5	und	und	CCONJ	KON	_	6	cc	_	_
6	verängstigt	verängstigen	VERB	VVPP	VerbForm=Part	4	conj	_	_
7	worden	werden	AUX	VAPP	VerbForm=Part|Voice=Pass	4	aux:pass	_	_
8	,	,	PUNCT	$,	_	10	punct	_	_
9	durch	durch	ADP	APPR	_	10	case	_	_
10	Schritte	Schritt	NOUN	NN	Case=Acc|Gender=Masc|Number=Plur	4	nmod	_	_
11	und	und	CCONJ	KON	_	12	cc	_	_
12	Erklärungen	Erklärung	NOUN	NN	Case=Acc|Gender=Fem|Number=Plur	10	conj	_	_
13	von	von	ADP	APPR	_	15	case	_	_
14	offizieller	offiziell	ADJ	ADJA	Case=Dat|Gender=Fem|Number=Sing	15	amod	_	_
15	Seite	Seite	NOUN	NN	Case=Dat|Gender=Fem|Number=Sing	10	nmod	_	_
16	bezüglich	bezüglich	ADP	APPR	_	18	case	_	_
17	forcierter	forciert	ADJ	ADJA	Case=Gen|Gender=Fem|Number=Plur	18	amod	_	_
18	Finanzierungen	Finanzierung	NOUN	NN	Case=Gen|Gender=Fem|Number=Plur	15	nmod	_	_
19	und	und	CCONJ	KON	_	20	cc	_	_
20	Umschuldungen	Umschuldung	NOUN	NN	Case=Gen|Gender=Fem|Number=Plur	18	conj	_	_
21	für	für	ADP	APPR	_	22	case	_	_
22	Pakistan	Pakistan	PROPN	NE	Case=Acc|Gender=Neut|Number=Sing	18	nmod	_	_
23	,	,	PUNCT	$,	_	24	punct	_	_
24	Rumänien	Rumänien	PROPN	NE	Case=Acc|Gender=Neut|Number=Sing	22	conj	_	_
25	,	,	PUNCT	$,	_	27	punct	_	_
26	die	der	DET	ART	Case=Acc|Definite=Def|Gender=Fem|Number=Sing|PronType=Art	27	det	_	_
27	Ukraine	Ukraine	PROPN	NE	Case=Acc|Gender=Fem|Number=Sing	22	conj	_	_
28	und	und	CCONJ	KON	_	31	cc	_	_
29	jüngst	jüngst	ADV	ADV	_	31	advmod	_	_
30	auch	auch	ADV	ADV	_	31	advmod	_	_
31	Ecuador	Ecuador	PROPN	NE	Case=Nom|Gender=Neut|Number=Sing	22	conj	_	_
32	.	.	PUNCT	$.	_	4	punct	_	_
";;;;;;x;;;;;;;;;;;;;durch;;;EXP_anim_proxy;;inanim durch-PP, Märkte
